English Sentence,English NER Tagged,Chinese Sentence,Chinese NER Tagged
"Thank you so much, Chris. And it's truly a great honor to have the opportunity to come to this stage twice; I'm extremely grateful.","[('Thank', 'O'), ('you', 'O'), ('so', 'O'), ('much', 'O'), (',', 'O'), ('Chris', 'PERSON'), ('.', 'O'), ('And', 'O'), ('it', 'O'), (""'s"", 'O'), ('truly', 'O'), ('a', 'O'), ('great', 'O'), ('honor', 'O'), ('to', 'O'), ('have', 'O'), ('the', 'O'), ('opportunity', 'O'), ('to', 'O'), ('come', 'O'), ('to', 'O'), ('this', 'O'), ('stage', 'O'), ('twice', 'O'), (';', 'O'), ('I', 'O'), (""'m"", 'O'), ('extremely', 'O'), ('grateful', 'O'), ('.', 'O')]",«D±`??¡A§J¨½´µ¡CªºÚÌ«D±`?©¯ ¯à¦³²Ä¤G¦¸¯¸¦b??¥x¤WªºÉó?¡A§Ú¯u¬O«D±`·P¿E¡C,"[('«', 'O'), ('D', 'O'), ('±', 'O'), ('`', 'O'), ('?', 'O'), ('?', 'O'), ('¡', 'O'), ('A', 'O'), ('§', 'O'), ('J', 'O'), ('¨', 'O'), ('½', 'O'), ('´', 'O'), ('µ', 'O'), ('¡', 'O'), ('C', 'O'), ('ª', 'O'), ('º', 'O'), ('Ú', 'O'), ('Ì', 'O'), ('«', 'O'), ('D', 'O'), ('±', 'O'), ('`', 'O'), ('?', 'O'), ('©', 'O'), ('¯', 'O'), ('¯', 'O'), ('à', 'O'), ('¦', 'O'), ('³', 'O'), ('²', 'O'), ('Ä', 'O'), ('¤', 'O'), ('G', 'O'), ('¦', 'O'), ('¸', 'O'), ('¯', 'O'), ('¸', 'O'), ('¦', 'O'), ('b', 'O'), ('?', 'O'), ('?', 'O'), ('¥', 'O'), ('x', 'O'), ('¤', 'O'), ('W', 'O'), ('ª', 'O'), ('º', 'O'), ('É', 'O'), ('ó', 'O'), ('?', 'O'), ('¡', 'O'), ('A', 'O'), ('§', 'O'), ('Ú', 'O'), ('¯', 'O'), ('u', 'O'), ('¬', 'O'), ('O', 'O'), ('«', 'O'), ('D', 'O'), ('±', 'O'), ('`', 'O'), ('·', 'O'), ('P', 'O'), ('¿', 'O'), ('E', 'O'), ('¡', 'O'), ('C', 'O')]"
"I have been blown away by this conference, and I want to thank all of you for the many nice comments about what I had to say the other night.","[('I', 'O'), ('have', 'O'), ('been', 'O'), ('blown', 'O'), ('away', 'O'), ('by', 'O'), ('this', 'O'), ('conference', 'O'), (',', 'O'), ('and', 'O'), ('I', 'O'), ('want', 'O'), ('to', 'O'), ('thank', 'O'), ('all', 'O'), ('of', 'O'), ('you', 'O'), ('for', 'O'), ('the', 'O'), ('many', 'O'), ('nice', 'O'), ('comments', 'O'), ('about', 'O'), ('what', 'O'), ('I', 'O'), ('had', 'O'), ('to', 'O'), ('say', 'O'), ('the', 'O'), ('other', 'O'), ('night', 'O'), ('.', 'O')]",????¯u¬O?§Ú·P¨ìÕa?¤£¤w¡A§Ú?­n??§A?¯d¤Uªº ?¤_§Ú¤W¦¸ºt?ªººë±m??,"[('?', 'O'), ('?', 'O'), ('?', 'O'), ('?', 'O'), ('¯', 'O'), ('u', 'O'), ('¬', 'O'), ('O', 'O'), ('?', 'O'), ('§', 'O'), ('Ú', 'O'), ('·', 'O'), ('P', 'O'), ('¨', 'O'), ('ì', 'O'), ('Õ', 'O'), ('a', 'O'), ('?', 'O'), ('¤', 'O'), ('£', 'O'), ('¤', 'O'), ('w', 'O'), ('¡', 'O'), ('A', 'O'), ('§', 'O'), ('Ú', 'O'), ('?', 'O'), ('\xad', 'O'), ('n', 'O'), ('?', 'O'), ('?', 'O'), ('§', 'O'), ('A', 'O'), ('?', 'O'), ('¯', 'O'), ('d', 'O'), ('¤', 'O'), ('U', 'O'), ('ª', 'O'), ('º', 'O'), ('?', 'O'), ('¤', 'O'), ('_', 'O'), ('§', 'O'), ('Ú', 'O'), ('¤', 'O'), ('W', 'O'), ('¦', 'O'), ('¸', 'O'), ('º', 'O'), ('t', 'O'), ('?', 'O'), ('ª', 'O'), ('º', 'O'), ('º', 'O'), ('ë', 'O'), ('±', 'O'), ('m', 'O'), ('?', 'O'), ('?', 'O')]"
"And I say that sincerely, partly because  I need that.  Put yourselves in my position.","[('And', 'O'), ('I', 'O'), ('say', 'O'), ('that', 'O'), ('sincerely', 'O'), (',', 'O'), ('partly', 'O'), ('because', 'O'), ('I', 'O'), ('need', 'O'), ('that', 'O'), ('.', 'O'), ('Put', 'O'), ('yourselves', 'O'), ('in', 'O'), ('my', 'O'), ('position', 'O'), ('.', 'O')]",§Ú¬O«D±`¯u?ªº¡A³¡¤À­ì¦]¬O¦]?----§ÚªºÚÌ«D±`»Ý­n¡I §A?¨­?¦a?§Ú·Q·Q¡I,"[('§', 'O'), ('Ú', 'O'), ('¬', 'O'), ('O', 'O'), ('«', 'O'), ('D', 'O'), ('±', 'O'), ('`', 'O'), ('¯', 'O'), ('u', 'O'), ('?', 'O'), ('ª', 'O'), ('º', 'O'), ('¡', 'O'), ('A', 'O'), ('³', 'O'), ('¡', 'O'), ('¤', 'O'), ('À', 'O'), ('\xad', 'O'), ('ì', 'O'), ('¦', 'O'), (']', 'O'), ('¬', 'O'), ('O', 'O'), ('¦', 'O'), (']', 'O'), ('?', 'O'), ('-', 'O'), ('-', 'O'), ('-', 'O'), ('-', 'O'), ('§', 'O'), ('Ú', 'O'), ('ª', 'O'), ('º', 'O'), ('Ú', 'O'), ('Ì', 'O'), ('«', 'O'), ('D', 'O'), ('±', 'O'), ('`', 'O'), ('»', 'O'), ('Ý', 'O'), ('\xad', 'O'), ('n', 'O'), ('¡', 'O'), ('I', 'O'), ('§', 'O'), ('A', 'O'), ('?', 'O'), ('¨', 'O'), ('\xad', 'O'), ('?', 'O'), ('¦', 'O'), ('a', 'O'), ('?', 'O'), ('§', 'O'), ('Ú', 'O'), ('·', 'O'), ('Q', 'O'), ('·', 'O'), ('Q', 'O'), ('¡', 'O'), ('I', 'O')]"
I flew on Air Force Two for eight years.,"[('I', 'O'), ('flew', 'O'), ('on', 'O'), ('Air', 'ORGANIZATION'), ('Force', 'ORGANIZATION'), ('Two', 'O'), ('for', 'O'), ('eight', 'O'), ('years', 'O'), ('.', 'O')]",§Ú§¤¤F8¦~ªºªÅ?¤G?¡C,"[('§', 'O'), ('Ú', 'O'), ('§', 'O'), ('¤', 'O'), ('¤', 'O'), ('F', 'O'), ('8', 'O'), ('¦', 'O'), ('~', 'O'), ('ª', 'O'), ('º', 'O'), ('ª', 'O'), ('Å', 'O'), ('?', 'O'), ('¤', 'O'), ('G', 'O'), ('?', 'O'), ('¡', 'O'), ('C', 'O')]"
Now I have to take off my shoes or boots to get on an airplane!,"[('Now', 'O'), ('I', 'O'), ('have', 'O'), ('to', 'O'), ('take', 'O'), ('off', 'O'), ('my', 'O'), ('shoes', 'O'), ('or', 'O'), ('boots', 'O'), ('to', 'O'), ('get', 'O'), ('on', 'O'), ('an', 'O'), ('airplane', 'O'), ('!', 'O')]",¤£??¦b¤W?Éó«e§Ú?­n?±¼§Úªº¾c¤l,"[('¤', 'O'), ('£', 'O'), ('?', 'O'), ('?', 'O'), ('¦', 'O'), ('b', 'O'), ('¤', 'O'), ('W', 'O'), ('?', 'O'), ('É', 'O'), ('ó', 'O'), ('«', 'O'), ('e', 'O'), ('§', 'O'), ('Ú', 'O'), ('?', 'O'), ('\xad', 'O'), ('n', 'O'), ('?', 'O'), ('±', 'O'), ('¼', 'O'), ('§', 'O'), ('Ú', 'O'), ('ª', 'O'), ('º', 'O'), ('¾', 'O'), ('c', 'O'), ('¤', 'O'), ('l', 'O')]"
I'll tell you one quick story to illustrate what that's been like for me.,"[('I', 'O'), (""'ll"", 'O'), ('tell', 'O'), ('you', 'O'), ('one', 'O'), ('quick', 'O'), ('story', 'O'), ('to', 'O'), ('illustrate', 'O'), ('what', 'O'), ('that', 'O'), (""'s"", 'O'), ('been', 'O'), ('like', 'O'), ('for', 'O'), ('me', 'O'), ('.', 'O')]",§Ú?§A??¤p¬G¨Æ?§Î®e§Ú?¦b¬O¤°¤\?ªº,"[('§', 'O'), ('Ú', 'O'), ('?', 'O'), ('§', 'O'), ('A', 'O'), ('?', 'O'), ('?', 'O'), ('¤', 'O'), ('p', 'O'), ('¬', 'O'), ('G', 'O'), ('¨', 'O'), ('Æ', 'O'), ('?', 'O'), ('§', 'O'), ('Î', 'O'), ('®', 'O'), ('e', 'O'), ('§', 'O'), ('Ú', 'O'), ('?', 'O'), ('¦', 'O'), ('b', 'O'), ('¬', 'O'), ('O', 'O'), ('¤', 'O'), ('°', 'O'), ('¤', 'O'), ('\\', 'O'), ('?', 'O'), ('ª', 'O'), ('º', 'O')]"
It's a true story -- every bit of this is true.,"[('It', 'O'), (""'s"", 'O'), ('a', 'O'), ('true', 'O'), ('story', 'O'), ('--', 'O'), ('every', 'O'), ('bit', 'O'), ('of', 'O'), ('this', 'O'), ('is', 'O'), ('true', 'O'), ('.', 'O')]",?¬O?¯u?ªº¬G¨Æ--¨C¤@?³£¬O¦p¦¹¡C,"[('?', 'O'), ('¬', 'O'), ('O', 'O'), ('?', 'O'), ('¯', 'O'), ('u', 'O'), ('?', 'O'), ('ª', 'O'), ('º', 'O'), ('¬', 'O'), ('G', 'O'), ('¨', 'O'), ('Æ', 'O'), ('-', 'O'), ('-', 'O'), ('¨', 'O'), ('C', 'O'), ('¤', 'O'), ('@', 'O'), ('?', 'O'), ('³', 'O'), ('£', 'O'), ('¬', 'O'), ('O', 'O'), ('¦', 'O'), ('p', 'O'), ('¦', 'O'), ('¹', 'O'), ('¡', 'O'), ('C', 'O')]"
Soon after Tipper and I left the --  White House --  we were driving from our home in Nashville to a little farm we have 50 miles east of Nashville.,"[('Soon', 'O'), ('after', 'O'), ('Tipper', 'PERSON'), ('and', 'O'), ('I', 'O'), ('left', 'O'), ('the', 'O'), ('--', 'O'), ('White', 'LOCATION'), ('House', 'LOCATION'), ('--', 'O'), ('we', 'O'), ('were', 'O'), ('driving', 'O'), ('from', 'O'), ('our', 'O'), ('home', 'O'), ('in', 'O'), ('Nashville', 'LOCATION'), ('to', 'O'), ('a', 'O'), ('little', 'O'), ('farm', 'O'), ('we', 'O'), ('have', 'O'), ('50', 'O'), ('miles', 'O'), ('east', 'O'), ('of', 'O'), ('Nashville', 'LOCATION'), ('.', 'O')]",´N¦b§Ú©MTipperÖÃ?¥Õ?µy¦Z¤£¤[ -- -- §Ú?????¤°??ªº®a?¨ì §Ú?¦b??50¨½¥~ªº¤@?¤p??--,"[('´', 'O'), ('N', 'O'), ('¦', 'O'), ('b', 'O'), ('§', 'O'), ('Ú', 'O'), ('©', 'O'), ('M', 'O'), ('T', 'O'), ('i', 'O'), ('p', 'O'), ('p', 'O'), ('e', 'O'), ('r', 'O'), ('Ö', 'O'), ('Ã', 'O'), ('?', 'O'), ('¥', 'O'), ('Õ', 'O'), ('?', 'O'), ('µ', 'O'), ('y', 'O'), ('¦', 'O'), ('Z', 'O'), ('¤', 'O'), ('£', 'O'), ('¤', 'O'), ('[', 'O'), ('-', 'O'), ('-', 'O'), ('-', 'O'), ('-', 'O'), ('§', 'O'), ('Ú', 'O'), ('?', 'O'), ('?', 'O'), ('?', 'O'), ('?', 'O'), ('?', 'O'), ('¤', 'O'), ('°', 'O'), ('?', 'O'), ('?', 'O'), ('ª', 'O'), ('º', 'O'), ('®', 'O'), ('a', 'O'), ('?', 'O'), ('¨', 'O'), ('ì', 'O'), ('§', 'O'), ('Ú', 'O'), ('?', 'O'), ('¦', 'O'), ('b', 'O'), ('?', 'O'), ('?', 'O'), ('5', 'O'), ('0', 'O'), ('¨', 'O'), ('½', 'O'), ('¥', 'O'), ('~', 'O'), ('ª', 'O'), ('º', 'O'), ('¤', 'O'), ('@', 'O'), ('?', 'O'), ('¤', 'O'), ('p', 'O'), ('?', 'O'), ('?', 'O'), ('-', 'O'), ('-', 'O')]"
Driving ourselves.,"[('Driving', 'O'), ('ourselves', 'O'), ('.', 'O')]",¦Û¤v??,"[('¦', 'O'), ('Û', 'O'), ('¤', 'O'), ('v', 'O'), ('?', 'O'), ('?', 'O')]"
"I know it sounds like a little thing to you, but -- I looked in the rear-view mirror and all of a sudden it just hit me.","[('I', 'O'), ('know', 'O'), ('it', 'O'), ('sounds', 'O'), ('like', 'O'), ('a', 'O'), ('little', 'O'), ('thing', 'O'), ('to', 'O'), ('you', 'O'), (',', 'O'), ('but', 'O'), ('--', 'O'), ('I', 'O'), ('looked', 'O'), ('in', 'O'), ('the', 'O'), ('rear-view', 'O'), ('mirror', 'O'), ('and', 'O'), ('all', 'O'), ('of', 'O'), ('a', 'O'), ('sudden', 'O'), ('it', 'O'), ('just', 'O'), ('hit', 'O'), ('me', 'O'), ('.', 'O')]",§Úª¾¹D??§A???¬O¤p¨Æ¤@?¡A¦ý¬O ---- ¥¿?§Ú¬Ý?¦Z??ªº?­Ô¡A¬ðµM·P¨ì«D±`Õa©_¡C,"[('§', 'O'), ('Ú', 'O'), ('ª', 'O'), ('¾', 'O'), ('¹', 'O'), ('D', 'O'), ('?', 'O'), ('?', 'O'), ('§', 'O'), ('A', 'O'), ('?', 'O'), ('?', 'O'), ('?', 'O'), ('¬', 'O'), ('O', 'O'), ('¤', 'O'), ('p', 'O'), ('¨', 'O'), ('Æ', 'O'), ('¤', 'O'), ('@', 'O'), ('?', 'O'), ('¡', 'O'), ('A', 'O'), ('¦', 'O'), ('ý', 'O'), ('¬', 'O'), ('O', 'O'), ('-', 'O'), ('-', 'O'), ('-', 'O'), ('-', 'O'), ('¥', 'O'), ('¿', 'O'), ('?', 'O'), ('§', 'O'), ('Ú', 'O'), ('¬', 'O'), ('Ý', 'O'), ('?', 'O'), ('¦', 'O'), ('Z', 'O'), ('?', 'O'), ('?', 'O'), ('ª', 'O'), ('º', 'O'), ('?', 'O'), ('\xad', 'O'), ('Ô', 'O'), ('¡', 'O'), ('A', 'O'), ('¬', 'O'), ('ð', 'O'), ('µ', 'O'), ('M', 'O'), ('·', 'O'), ('P', 'O'), ('¨', 'O'), ('ì', 'O'), ('«', 'O'), ('D', 'O'), ('±', 'O'), ('`', 'O'), ('Õ', 'O'), ('a', 'O'), ('©', 'O'), ('_', 'O'), ('¡', 'O'), ('C', 'O')]"
There was no motorcade back there.,"[('There', 'O'), ('was', 'O'), ('no', 'O'), ('motorcade', 'O'), ('back', 'O'), ('there', 'O'), ('.', 'O')]",¦Z­±³ºµM?¦³??¡C,"[('¦', 'O'), ('Z', 'O'), ('\xad', 'O'), ('±', 'O'), ('³', 'O'), ('º', 'O'), ('µ', 'O'), ('M', 'O'), ('?', 'O'), ('¦', 'O'), ('³', 'O'), ('?', 'O'), ('?', 'O'), ('¡', 'O'), ('C', 'O')]"
You've heard of phantom limb pain?,"[('You', 'O'), (""'ve"", 'O'), ('heard', 'O'), ('of', 'O'), ('phantom', 'O'), ('limb', 'O'), ('pain', 'O'), ('?', 'O')]",§A?§v?¤ÛªÏµh¤\¡H,"[('§', 'O'), ('A', 'O'), ('?', 'O'), ('§', 'O'), ('v', 'O'), ('?', 'O'), ('¤', 'O'), ('Û', 'O'), ('ª', 'O'), ('Ï', 'O'), ('µ', 'O'), ('h', 'O'), ('¤', 'O'), ('\\', 'O'), ('¡', 'O'), ('H', 'O')]"
"This was a rented Ford Taurus.  It was dinnertime, and we started looking for a place to eat.","[('This', 'O'), ('was', 'O'), ('a', 'O'), ('rented', 'O'), ('Ford', 'ORGANIZATION'), ('Taurus', 'O'), ('.', 'O'), ('It', 'O'), ('was', 'O'), ('dinnertime', 'O'), (',', 'O'), ('and', 'O'), ('we', 'O'), ('started', 'O'), ('looking', 'O'), ('for', 'O'), ('a', 'O'), ('place', 'O'), ('to', 'O'), ('eat', 'O'), ('.', 'O')]",??ºÖ¯STaurus¬O¯²?ªº¡A???¦n¬O±ß?ªº?­Ô §Ú?´N?©l§ä¦Y?ªº¦a¤è,"[('?', 'O'), ('?', 'O'), ('º', 'O'), ('Ö', 'O'), ('¯', 'O'), ('S', 'O'), ('T', 'O'), ('a', 'O'), ('u', 'O'), ('r', 'O'), ('u', 'O'), ('s', 'O'), ('¬', 'O'), ('O', 'O'), ('¯', 'O'), ('²', 'O'), ('?', 'O'), ('ª', 'O'), ('º', 'O'), ('¡', 'O'), ('A', 'O'), ('?', 'O'), ('?', 'O'), ('?', 'O'), ('¦', 'O'), ('n', 'O'), ('¬', 'O'), ('O', 'O'), ('±', 'O'), ('ß', 'O'), ('?', 'O'), ('ª', 'O'), ('º', 'O'), ('?', 'O'), ('\xad', 'O'), ('Ô', 'O'), ('§', 'O'), ('Ú', 'O'), ('?', 'O'), ('´', 'O'), ('N', 'O'), ('?', 'O'), ('©', 'O'), ('l', 'O'), ('§', 'O'), ('ä', 'O'), ('¦', 'O'), ('Y', 'O'), ('?', 'O'), ('ª', 'O'), ('º', 'O'), ('¦', 'O'), ('a', 'O'), ('¤', 'O'), ('è', 'O')]"
"We were on I-40. We got to Exit 238, Lebanon, Tennessee.","[('We', 'O'), ('were', 'O'), ('on', 'O'), ('I-40', 'O'), ('.', 'O'), ('We', 'O'), ('got', 'O'), ('to', 'O'), ('Exit', 'O'), ('238', 'O'), (',', 'O'), ('Lebanon', 'LOCATION'), (',', 'O'), ('Tennessee', 'LOCATION'), ('.', 'O')]",§Ú?¦b40?¬w?¤½¸ô¤W¡A­n¦b238¥X¤f¤U¨ì¥Ð?¦è¦{ªº¾¤¤Ú¹à¥«,"[('§', 'O'), ('Ú', 'O'), ('?', 'O'), ('¦', 'O'), ('b', 'O'), ('4', 'O'), ('0', 'O'), ('?', 'O'), ('¬', 'O'), ('w', 'O'), ('?', 'O'), ('¤', 'O'), ('½', 'O'), ('¸', 'O'), ('ô', 'O'), ('¤', 'O'), ('W', 'O'), ('¡', 'O'), ('A', 'O'), ('\xad', 'O'), ('n', 'O'), ('¦', 'O'), ('b', 'O'), ('2', 'O'), ('3', 'O'), ('8', 'O'), ('¥', 'O'), ('X', 'O'), ('¤', 'O'), ('f', 'O'), ('¤', 'O'), ('U', 'O'), ('¨', 'O'), ('ì', 'O'), ('¥', 'O'), ('Ð', 'O'), ('?', 'O'), ('¦', 'O'), ('è', 'O'), ('¦', 'O'), ('{', 'O'), ('ª', 'O'), ('º', 'O'), ('¾', 'O'), ('¤', 'O'), ('¤', 'O'), ('Ú', 'O'), ('¹', 'O'), ('à', 'O'), ('¥', 'O'), ('«', 'O')]"
"We got off the exit, we found a Shoney's restaurant.","[('We', 'O'), ('got', 'O'), ('off', 'O'), ('the', 'O'), ('exit', 'O'), (',', 'O'), ('we', 'O'), ('found', 'O'), ('a', 'O'), ('Shoney', 'ORGANIZATION'), (""'s"", 'O'), ('restaurant', 'O'), ('.', 'O')]",§Ú??¥X¤f¤U?¡A?©l?§ä¤@®a--§Ú?§ä¨ì¤FShoneyÀ\?¡C,"[('§', 'O'), ('Ú', 'O'), ('?', 'O'), ('?', 'O'), ('¥', 'O'), ('X', 'O'), ('¤', 'O'), ('f', 'O'), ('¤', 'O'), ('U', 'O'), ('?', 'O'), ('¡', 'O'), ('A', 'O'), ('?', 'O'), ('©', 'O'), ('l', 'O'), ('?', 'O'), ('§', 'O'), ('ä', 'O'), ('¤', 'O'), ('@', 'O'), ('®', 'O'), ('a', 'O'), ('-', 'O'), ('-', 'O'), ('§', 'O'), ('Ú', 'O'), ('?', 'O'), ('§', 'O'), ('ä', 'O'), ('¨', 'O'), ('ì', 'O'), ('¤', 'O'), ('F', 'O'), ('S', 'O'), ('h', 'O'), ('o', 'O'), ('n', 'O'), ('e', 'O'), ('y', 'O'), ('À', 'O'), ('\\', 'O'), ('?', 'O'), ('¡', 'O'), ('C', 'O')]"
"Low-cost family restaurant chain, for those of you who don't know it.","[('Low-cost', 'O'), ('family', 'O'), ('restaurant', 'O'), ('chain', 'O'), (',', 'O'), ('for', 'O'), ('those', 'O'), ('of', 'O'), ('you', 'O'), ('who', 'O'), ('do', 'O'), (""n't"", 'O'), ('know', 'O'), ('it', 'O'), ('.', 'O')]",§A?¦³¨Ç¤H¤]?¤£ª¾¹D¡A?¬O®a§C¦¨¥»ªº®a®x??À\?,"[('§', 'O'), ('A', 'O'), ('?', 'O'), ('¦', 'O'), ('³', 'O'), ('¨', 'O'), ('Ç', 'O'), ('¤', 'O'), ('H', 'O'), ('¤', 'O'), (']', 'O'), ('?', 'O'), ('¤', 'O'), ('£', 'O'), ('ª', 'O'), ('¾', 'O'), ('¹', 'O'), ('D', 'O'), ('¡', 'O'), ('A', 'O'), ('?', 'O'), ('¬', 'O'), ('O', 'O'), ('®', 'O'), ('a', 'O'), ('§', 'O'), ('C', 'O'), ('¦', 'O'), ('¨', 'O'), ('¥', 'O'), ('»', 'O'), ('ª', 'O'), ('º', 'O'), ('®', 'O'), ('a', 'O'), ('®', 'O'), ('x', 'O'), ('?', 'O'), ('?', 'O'), ('À', 'O'), ('\\', 'O'), ('?', 'O')]"
"We went in and sat down at the booth, and the waitress came over, made a big commotion over Tipper.  She took our order, and then went to the couple in the booth next to us, and she lowered her voice so much, I had to really strain to hear what she was saying.","[('We', 'O'), ('went', 'O'), ('in', 'O'), ('and', 'O'), ('sat', 'O'), ('down', 'O'), ('at', 'O'), ('the', 'O'), ('booth', 'O'), (',', 'O'), ('and', 'O'), ('the', 'O'), ('waitress', 'O'), ('came', 'O'), ('over', 'O'), (',', 'O'), ('made', 'O'), ('a', 'O'), ('big', 'O'), ('commotion', 'O'), ('over', 'O'), ('Tipper', 'PERSON'), ('.', 'O'), ('She', 'O'), ('took', 'O'), ('our', 'O'), ('order', 'O'), (',', 'O'), ('and', 'O'), ('then', 'O'), ('went', 'O'), ('to', 'O'), ('the', 'O'), ('couple', 'O'), ('in', 'O'), ('the', 'O'), ('booth', 'O'), ('next', 'O'), ('to', 'O'), ('us', 'O'), (',', 'O'), ('and', 'O'), ('she', 'O'), ('lowered', 'O'), ('her', 'O'), ('voice', 'O'), ('so', 'O'), ('much', 'O'), (',', 'O'), ('I', 'O'), ('had', 'O'), ('to', 'O'), ('really', 'O'), ('strain', 'O'), ('to', 'O'), ('hear', 'O'), ('what', 'O'), ('she', 'O'), ('was', 'O'), ('saying', 'O'), ('.', 'O')]",§Ú?¨«?¥h¦Z§¤¦b¤p«F¤l¨½¡A¤kªA??¤]¨«¤F??¡C §Ú¸òTipper¤Þ°_¤F¤@???¡C ¦o??¦Z¨«¨ì§Ú?®Ç?«F¤l¨½ªº¤@?±¡??¡A µM¦Z¦oªº?­µ?±o«D±`¤p¥H¦Ü¤_§Ú­n?°_¦Õ¦·¤~¯à§v¨ì¦o¦b?¤°¤\,"[('§', 'O'), ('Ú', 'O'), ('?', 'O'), ('¨', 'O'), ('«', 'O'), ('?', 'O'), ('¥', 'O'), ('h', 'O'), ('¦', 'O'), ('Z', 'O'), ('§', 'O'), ('¤', 'O'), ('¦', 'O'), ('b', 'O'), ('¤', 'O'), ('p', 'O'), ('«', 'O'), ('F', 'O'), ('¤', 'O'), ('l', 'O'), ('¨', 'O'), ('½', 'O'), ('¡', 'O'), ('A', 'O'), ('¤', 'O'), ('k', 'O'), ('ª', 'O'), ('A', 'O'), ('?', 'O'), ('?', 'O'), ('¤', 'O'), (']', 'O'), ('¨', 'O'), ('«', 'O'), ('¤', 'O'), ('F', 'O'), ('?', 'O'), ('?', 'O'), ('¡', 'O'), ('C', 'O'), ('§', 'O'), ('Ú', 'O'), ('¸', 'O'), ('ò', 'O'), ('T', 'O'), ('i', 'O'), ('p', 'O'), ('p', 'O'), ('e', 'O'), ('r', 'O'), ('¤', 'O'), ('Þ', 'O'), ('°', 'O'), ('_', 'O'), ('¤', 'O'), ('F', 'O'), ('¤', 'O'), ('@', 'O'), ('?', 'O'), ('?', 'O'), ('?', 'O'), ('¡', 'O'), ('C', 'O'), ('¦', 'O'), ('o', 'O'), ('?', 'O'), ('?', 'O'), ('¦', 'O'), ('Z', 'O'), ('¨', 'O'), ('«', 'O'), ('¨', 'O'), ('ì', 'O'), ('§', 'O'), ('Ú', 'O'), ('?', 'O'), ('®', 'O'), ('Ç', 'O'), ('?', 'O'), ('«', 'O'), ('F', 'O'), ('¤', 'O'), ('l', 'O'), ('¨', 'O'), ('½', 'O'), ('ª', 'O'), ('º', 'O'), ('¤', 'O'), ('@', 'O'), ('?', 'O'), ('±', 'O'), ('¡', 'O'), ('?', 'O'), ('?', 'O'), ('¡', 'O'), ('A', 'O'), ('µ', 'O'), ('M', 'O'), ('¦', 'O'), ('Z', 'O'), ('¦', 'O'), ('o', 'O'), ('ª', 'O'), ('º', 'O'), ('?', 'O'), ('\xad', 'O'), ('µ', 'O'), ('?', 'O'), ('±', 'O'), ('o', 'O'), ('«', 'O'), ('D', 'O'), ('±', 'O'), ('`', 'O'), ('¤', 'O'), ('p', 'O'), ('¥', 'O'), ('H', 'O'), ('¦', 'O'), ('Ü', 'O'), ('¤', 'O'), ('_', 'O'), ('§', 'O'), ('Ú', 'O'), ('\xad', 'O'), ('n', 'O'), ('?', 'O'), ('°', 'O'), ('_', 'O'), ('¦', 'O'), ('Õ', 'O'), ('¦', 'O'), ('·', 'O'), ('¤', 'O'), ('~', 'O'), ('¯', 'O'), ('à', 'O'), ('§', 'O'), ('v', 'O'), ('¨', 'O'), ('ì', 'O'), ('¦', 'O'), ('o', 'O'), ('¦', 'O'), ('b', 'O'), ('?', 'O'), ('¤', 'O'), ('°', 'O'), ('¤', 'O'), ('\\', 'O')]"
"And she said ""Yes, that's former Vice President Al Gore and his wife, Tipper.""","[('And', 'O'), ('she', 'O'), ('said', 'O'), ('``', 'O'), ('Yes', 'O'), (',', 'O'), ('that', 'O'), (""'s"", 'O'), ('former', 'O'), ('Vice', 'O'), ('President', 'O'), ('Al', 'PERSON'), ('Gore', 'PERSON'), ('and', 'O'), ('his', 'O'), ('wife', 'O'), (',', 'O'), ('Tipper', 'PERSON'), ('.', 'O'), (""''"", 'O')]",±µ?¦o?¡¨¬Oªº¡A¥L?´N¬O«e°Æ??¦ã?¡P¤à?©M¥Lªº©d¤lTipper¡C¡§,"[('±', 'O'), ('µ', 'O'), ('?', 'O'), ('¦', 'O'), ('o', 'O'), ('?', 'O'), ('¡', 'O'), ('¨', 'O'), ('¬', 'O'), ('O', 'O'), ('ª', 'O'), ('º', 'O'), ('¡', 'O'), ('A', 'O'), ('¥', 'O'), ('L', 'O'), ('?', 'O'), ('´', 'O'), ('N', 'O'), ('¬', 'O'), ('O', 'O'), ('«', 'O'), ('e', 'O'), ('°', 'O'), ('Æ', 'O'), ('?', 'O'), ('?', 'O'), ('¦', 'O'), ('ã', 'O'), ('?', 'O'), ('¡', 'O'), ('P', 'O'), ('¤', 'O'), ('à', 'O'), ('?', 'O'), ('©', 'O'), ('M', 'O'), ('¥', 'O'), ('L', 'O'), ('ª', 'O'), ('º', 'O'), ('©', 'O'), ('d', 'O'), ('¤', 'O'), ('l', 'O'), ('T', 'O'), ('i', 'O'), ('p', 'O'), ('p', 'O'), ('e', 'O'), ('r', 'O'), ('¡', 'O'), ('C', 'O'), ('¡', 'O'), ('§', 'O')]"
"And the man said, ""He's come down a long way, hasn't he?""","[('And', 'O'), ('the', 'O'), ('man', 'O'), ('said', 'O'), (',', 'O'), ('``', 'O'), ('He', 'O'), (""'s"", 'O'), ('come', 'O'), ('down', 'O'), ('a', 'O'), ('long', 'O'), ('way', 'O'), (',', 'O'), ('has', 'O'), (""n't"", 'O'), ('he', 'O'), ('?', 'O'), (""''"", 'O')]",¨º?¨kªº±µ??¡A¡§¥L¤w?«D±`§V¤O¤F¡A¤£¬O?¡H¡§,"[('¨', 'O'), ('º', 'O'), ('?', 'O'), ('¨', 'O'), ('k', 'O'), ('ª', 'O'), ('º', 'O'), ('±', 'O'), ('µ', 'O'), ('?', 'O'), ('?', 'O'), ('¡', 'O'), ('A', 'O'), ('¡', 'O'), ('§', 'O'), ('¥', 'O'), ('L', 'O'), ('¤', 'O'), ('w', 'O'), ('?', 'O'), ('«', 'O'), ('D', 'O'), ('±', 'O'), ('`', 'O'), ('§', 'O'), ('V', 'O'), ('¤', 'O'), ('O', 'O'), ('¤', 'O'), ('F', 'O'), ('¡', 'O'), ('A', 'O'), ('¤', 'O'), ('£', 'O'), ('¬', 'O'), ('O', 'O'), ('?', 'O'), ('¡', 'O'), ('H', 'O'), ('¡', 'O'), ('§', 'O')]"
There's been kind of a series of epiphanies.,"[('There', 'O'), (""'s"", 'O'), ('been', 'O'), ('kind', 'O'), ('of', 'O'), ('a', 'O'), ('series', 'O'), ('of', 'O'), ('epiphanies', 'O'), ('.', 'O')]",¤w?ºâ¬O¦³¨Ç??¤F¡C,"[('¤', 'O'), ('w', 'O'), ('?', 'O'), ('º', 'O'), ('â', 'O'), ('¬', 'O'), ('O', 'O'), ('¦', 'O'), ('³', 'O'), ('¨', 'O'), ('Ç', 'O'), ('?', 'O'), ('?', 'O'), ('¤', 'O'), ('F', 'O'), ('¡', 'O'), ('C', 'O')]"
"The very next day, continuing the totally true story, I got on a G-V to fly to Africa to make a speech in Nigeria, in the city of Lagos, on the topic of energy.","[('The', 'O'), ('very', 'O'), ('next', 'O'), ('day', 'O'), (',', 'O'), ('continuing', 'O'), ('the', 'O'), ('totally', 'O'), ('true', 'O'), ('story', 'O'), (',', 'O'), ('I', 'O'), ('got', 'O'), ('on', 'O'), ('a', 'O'), ('G-V', 'O'), ('to', 'O'), ('fly', 'O'), ('to', 'O'), ('Africa', 'LOCATION'), ('to', 'O'), ('make', 'O'), ('a', 'O'), ('speech', 'O'), ('in', 'O'), ('Nigeria', 'LOCATION'), (',', 'O'), ('in', 'O'), ('the', 'O'), ('city', 'O'), ('of', 'O'), ('Lagos', 'LOCATION'), (',', 'O'), ('on', 'O'), ('the', 'O'), ('topic', 'O'), ('of', 'O'), ('energy', 'O'), ('.', 'O')]",²Ä¤G¤Ñ¡A??¤@?§¹¥þ¯u?ªº¬G¨Æ¡C §Úµn¤WG-5´N?¨ì«D¬wªº¥§?§Q?°µºt?¥h¤F¡A ¦b­º³£©Ô¦U´µ¡A¥D??¬O?¤_¯à·½¡C,"[('²', 'O'), ('Ä', 'O'), ('¤', 'O'), ('G', 'O'), ('¤', 'O'), ('Ñ', 'O'), ('¡', 'O'), ('A', 'O'), ('?', 'O'), ('?', 'O'), ('¤', 'O'), ('@', 'O'), ('?', 'O'), ('§', 'O'), ('¹', 'O'), ('¥', 'O'), ('þ', 'O'), ('¯', 'O'), ('u', 'O'), ('?', 'O'), ('ª', 'O'), ('º', 'O'), ('¬', 'O'), ('G', 'O'), ('¨', 'O'), ('Æ', 'O'), ('¡', 'O'), ('C', 'O'), ('§', 'O'), ('Ú', 'O'), ('µ', 'O'), ('n', 'O'), ('¤', 'O'), ('W', 'O'), ('G', 'O'), ('-', 'O'), ('5', 'O'), ('´', 'O'), ('N', 'O'), ('?', 'O'), ('¨', 'O'), ('ì', 'O'), ('«', 'O'), ('D', 'O'), ('¬', 'O'), ('w', 'O'), ('ª', 'O'), ('º', 'O'), ('¥', 'O'), ('§', 'O'), ('?', 'O'), ('§', 'O'), ('Q', 'O'), ('?', 'O'), ('°', 'O'), ('µ', 'O'), ('º', 'O'), ('t', 'O'), ('?', 'O'), ('¥', 'O'), ('h', 'O'), ('¤', 'O'), ('F', 'O'), ('¡', 'O'), ('A', 'O'), ('¦', 'O'), ('b', 'O'), ('\xad', 'O'), ('º', 'O'), ('³', 'O'), ('£', 'O'), ('©', 'O'), ('Ô', 'O'), ('¦', 'O'), ('U', 'O'), ('´', 'O'), ('µ', 'O'), ('¡', 'O'), ('A', 'O'), ('¥', 'O'), ('D', 'O'), ('?', 'O'), ('?', 'O'), ('¬', 'O'), ('O', 'O'), ('?', 'O'), ('¤', 'O'), ('_', 'O'), ('¯', 'O'), ('à', 'O'), ('·', 'O'), ('½', 'O'), ('¡', 'O'), ('C', 'O')]"
And I began the speech by telling them the story of what had just happened the day before in Nashville.,"[('And', 'O'), ('I', 'O'), ('began', 'O'), ('the', 'O'), ('speech', 'O'), ('by', 'O'), ('telling', 'O'), ('them', 'O'), ('the', 'O'), ('story', 'O'), ('of', 'O'), ('what', 'O'), ('had', 'O'), ('just', 'O'), ('happened', 'O'), ('the', 'O'), ('day', 'O'), ('before', 'O'), ('in', 'O'), ('Nashville', 'LOCATION'), ('.', 'O')]",¦Óºt??©l§Ú?§â«e¤@¤Ñ?¥Í¦b?¤°??¦{ ªº¬G¨Æ?¤F¤@¹M¡C,"[('¦', 'O'), ('Ó', 'O'), ('º', 'O'), ('t', 'O'), ('?', 'O'), ('?', 'O'), ('©', 'O'), ('l', 'O'), ('§', 'O'), ('Ú', 'O'), ('?', 'O'), ('§', 'O'), ('â', 'O'), ('«', 'O'), ('e', 'O'), ('¤', 'O'), ('@', 'O'), ('¤', 'O'), ('Ñ', 'O'), ('?', 'O'), ('¥', 'O'), ('Í', 'O'), ('¦', 'O'), ('b', 'O'), ('?', 'O'), ('¤', 'O'), ('°', 'O'), ('?', 'O'), ('?', 'O'), ('¦', 'O'), ('{', 'O'), ('ª', 'O'), ('º', 'O'), ('¬', 'O'), ('G', 'O'), ('¨', 'O'), ('Æ', 'O'), ('?', 'O'), ('¤', 'O'), ('F', 'O'), ('¤', 'O'), ('@', 'O'), ('¹', 'O'), ('M', 'O'), ('¡', 'O'), ('C', 'O')]"
"And I told it pretty much the same way I've just shared it with you: Tipper and I were driving ourselves, Shoney's, low-cost family restaurant chain, what the man said -- they laughed.","[('And', 'O'), ('I', 'O'), ('told', 'O'), ('it', 'O'), ('pretty', 'O'), ('much', 'O'), ('the', 'O'), ('same', 'O'), ('way', 'O'), ('I', 'O'), (""'ve"", 'O'), ('just', 'O'), ('shared', 'O'), ('it', 'O'), ('with', 'O'), ('you', 'O'), (':', 'O'), ('Tipper', 'PERSON'), ('and', 'O'), ('I', 'O'), ('were', 'O'), ('driving', 'O'), ('ourselves', 'O'), (',', 'O'), ('Shoney', 'PERSON'), (""'s"", 'O'), (',', 'O'), ('low-cost', 'O'), ('family', 'O'), ('restaurant', 'O'), ('chain', 'O'), (',', 'O'), ('what', 'O'), ('the', 'O'), ('man', 'O'), ('said', 'O'), ('--', 'O'), ('they', 'O'), ('laughed', 'O'), ('.', 'O')]",´N¦p¦P??§Ú?§A??ªº¬G¨Æ¤@¼Ò¤@?¡C §Ú©d¤l©M§Ú¦Û¤v??¡AShoney'sÀ\?¡A§C¦¨¥»®a®x??À\? ?©±¨º?¨k¤Hªº?--µM¦Z??¯º¤F,"[('´', 'O'), ('N', 'O'), ('¦', 'O'), ('p', 'O'), ('¦', 'O'), ('P', 'O'), ('?', 'O'), ('?', 'O'), ('§', 'O'), ('Ú', 'O'), ('?', 'O'), ('§', 'O'), ('A', 'O'), ('?', 'O'), ('?', 'O'), ('ª', 'O'), ('º', 'O'), ('¬', 'O'), ('G', 'O'), ('¨', 'O'), ('Æ', 'O'), ('¤', 'O'), ('@', 'O'), ('¼', 'O'), ('Ò', 'O'), ('¤', 'O'), ('@', 'O'), ('?', 'O'), ('¡', 'O'), ('C', 'O'), ('§', 'O'), ('Ú', 'O'), ('©', 'O'), ('d', 'O'), ('¤', 'O'), ('l', 'O'), ('©', 'O'), ('M', 'O'), ('§', 'O'), ('Ú', 'O'), ('¦', 'O'), ('Û', 'O'), ('¤', 'O'), ('v', 'O'), ('?', 'O'), ('?', 'O'), ('¡', 'O'), ('A', 'O'), ('S', 'O'), ('h', 'O'), ('o', 'O'), ('n', 'O'), ('e', 'O'), ('y', 'O'), (""'"", 'O'), ('s', 'O'), ('À', 'O'), ('\\', 'O'), ('?', 'O'), ('¡', 'O'), ('A', 'O'), ('§', 'O'), ('C', 'O'), ('¦', 'O'), ('¨', 'O'), ('¥', 'O'), ('»', 'O'), ('®', 'O'), ('a', 'O'), ('®', 'O'), ('x', 'O'), ('?', 'O'), ('?', 'O'), ('À', 'O'), ('\\', 'O'), ('?', 'O'), ('?', 'O'), ('©', 'O'), ('±', 'O'), ('¨', 'O'), ('º', 'O'), ('?', 'O'), ('¨', 'O'), ('k', 'O'), ('¤', 'O'), ('H', 'O'), ('ª', 'O'), ('º', 'O'), ('?', 'O'), ('-', 'O'), ('-', 'O'), ('µ', 'O'), ('M', 'O'), ('¦', 'O'), ('Z', 'O'), ('?', 'O'), ('?', 'O'), ('¯', 'O'), ('º', 'O'), ('¤', 'O'), ('F', 'O')]"
"I gave my speech, then went back out to the airport to fly back home.","[('I', 'O'), ('gave', 'O'), ('my', 'O'), ('speech', 'O'), (',', 'O'), ('then', 'O'), ('went', 'O'), ('back', 'O'), ('out', 'O'), ('to', 'O'), ('the', 'O'), ('airport', 'O'), ('to', 'O'), ('fly', 'O'), ('back', 'O'), ('home', 'O'), ('.', 'O')]",ºt?§¹¦Z´N?¨ì?Éó??¦^¦Ñ®a¤F,"[('º', 'O'), ('t', 'O'), ('?', 'O'), ('§', 'O'), ('¹', 'O'), ('¦', 'O'), ('Z', 'O'), ('´', 'O'), ('N', 'O'), ('?', 'O'), ('¨', 'O'), ('ì', 'O'), ('?', 'O'), ('É', 'O'), ('ó', 'O'), ('?', 'O'), ('?', 'O'), ('¦', 'O'), ('^', 'O'), ('¦', 'O'), ('Ñ', 'O'), ('®', 'O'), ('a', 'O'), ('¤', 'O'), ('F', 'O')]"
"I fell asleep on the plane until, during the middle of the night, we landed on the Azores Islands for refueling.","[('I', 'O'), ('fell', 'O'), ('asleep', 'O'), ('on', 'O'), ('the', 'O'), ('plane', 'O'), ('until', 'O'), (',', 'O'), ('during', 'O'), ('the', 'O'), ('middle', 'O'), ('of', 'O'), ('the', 'O'), ('night', 'O'), (',', 'O'), ('we', 'O'), ('landed', 'O'), ('on', 'O'), ('the', 'O'), ('Azores', 'LOCATION'), ('Islands', 'LOCATION'), ('for', 'O'), ('refueling', 'O'), ('.', 'O')]",±µ?§Ú´N¦b?Éó¤WºÎ?¤F¡Aª½¨ì¤T§ó¥b©]¤~¿ô?¡A ?Éó¦b?³t?¸s?­°¸¨¥[ªo¡C,"[('±', 'O'), ('µ', 'O'), ('?', 'O'), ('§', 'O'), ('Ú', 'O'), ('´', 'O'), ('N', 'O'), ('¦', 'O'), ('b', 'O'), ('?', 'O'), ('É', 'O'), ('ó', 'O'), ('¤', 'O'), ('W', 'O'), ('º', 'O'), ('Î', 'O'), ('?', 'O'), ('¤', 'O'), ('F', 'O'), ('¡', 'O'), ('A', 'O'), ('ª', 'O'), ('½', 'O'), ('¨', 'O'), ('ì', 'O'), ('¤', 'O'), ('T', 'O'), ('§', 'O'), ('ó', 'O'), ('¥', 'O'), ('b', 'O'), ('©', 'O'), (']', 'O'), ('¤', 'O'), ('~', 'O'), ('¿', 'O'), ('ô', 'O'), ('?', 'O'), ('¡', 'O'), ('A', 'O'), ('?', 'O'), ('É', 'O'), ('ó', 'O'), ('¦', 'O'), ('b', 'O'), ('?', 'O'), ('³', 'O'), ('t', 'O'), ('?', 'O'), ('¸', 'O'), ('s', 'O'), ('?', 'O'), ('\xad', 'O'), ('°', 'O'), ('¸', 'O'), ('¨', 'O'), ('¥', 'O'), ('[', 'O'), ('ª', 'O'), ('o', 'O'), ('¡', 'O'), ('C', 'O')]"
"I woke up, they opened the door, I went out to get some fresh air, and I looked, and there was a man running across the runway.","[('I', 'O'), ('woke', 'O'), ('up', 'O'), (',', 'O'), ('they', 'O'), ('opened', 'O'), ('the', 'O'), ('door', 'O'), (',', 'O'), ('I', 'O'), ('went', 'O'), ('out', 'O'), ('to', 'O'), ('get', 'O'), ('some', 'O'), ('fresh', 'O'), ('air', 'O'), (',', 'O'), ('and', 'O'), ('I', 'O'), ('looked', 'O'), (',', 'O'), ('and', 'O'), ('there', 'O'), ('was', 'O'), ('a', 'O'), ('man', 'O'), ('running', 'O'), ('across', 'O'), ('the', 'O'), ('runway', 'O'), ('.', 'O')]",§Ú¿ô¤F??¡A¨«¥X?Éó¥h©I§l?·s?ªÅÉa¡A µM¦Z§Ú¬Ý¨ì¦³?¤H¶]??Éó¶]¹D,"[('§', 'O'), ('Ú', 'O'), ('¿', 'O'), ('ô', 'O'), ('¤', 'O'), ('F', 'O'), ('?', 'O'), ('?', 'O'), ('¡', 'O'), ('A', 'O'), ('¨', 'O'), ('«', 'O'), ('¥', 'O'), ('X', 'O'), ('?', 'O'), ('É', 'O'), ('ó', 'O'), ('¥', 'O'), ('h', 'O'), ('©', 'O'), ('I', 'O'), ('§', 'O'), ('l', 'O'), ('?', 'O'), ('·', 'O'), ('s', 'O'), ('?', 'O'), ('ª', 'O'), ('Å', 'O'), ('É', 'O'), ('a', 'O'), ('¡', 'O'), ('A', 'O'), ('µ', 'O'), ('M', 'O'), ('¦', 'O'), ('Z', 'O'), ('§', 'O'), ('Ú', 'O'), ('¬', 'O'), ('Ý', 'O'), ('¨', 'O'), ('ì', 'O'), ('¦', 'O'), ('³', 'O'), ('?', 'O'), ('¤', 'O'), ('H', 'O'), ('¶', 'O'), (']', 'O'), ('?', 'O'), ('?', 'O'), ('É', 'O'), ('ó', 'O'), ('¶', 'O'), (']', 'O'), ('¹', 'O'), ('D', 'O')]"
"And he was waving a piece of paper, and he was yelling, ""Call Washington! Call Washington!""","[('And', 'O'), ('he', 'O'), ('was', 'O'), ('waving', 'O'), ('a', 'O'), ('piece', 'O'), ('of', 'O'), ('paper', 'O'), (',', 'O'), ('and', 'O'), ('he', 'O'), ('was', 'O'), ('yelling', 'O'), (',', 'O'), ('``', 'O'), ('Call', 'O'), ('Washington', 'LOCATION'), ('!', 'O'), ('Call', 'O'), ('Washington', 'LOCATION'), ('!', 'O'), (""''"", 'O')]",¥L¤@??»R?¤@??¡A¤@?¤j³Û¡A ¡¨¥´????²±?¡I¥´????²±?¡I¡§,"[('¥', 'O'), ('L', 'O'), ('¤', 'O'), ('@', 'O'), ('?', 'O'), ('?', 'O'), ('»', 'O'), ('R', 'O'), ('?', 'O'), ('¤', 'O'), ('@', 'O'), ('?', 'O'), ('?', 'O'), ('¡', 'O'), ('A', 'O'), ('¤', 'O'), ('@', 'O'), ('?', 'O'), ('¤', 'O'), ('j', 'O'), ('³', 'O'), ('Û', 'O'), ('¡', 'O'), ('A', 'O'), ('¡', 'O'), ('¨', 'O'), ('¥', 'O'), ('´', 'O'), ('?', 'O'), ('?', 'O'), ('?', 'O'), ('?', 'O'), ('²', 'O'), ('±', 'O'), ('?', 'O'), ('¡', 'O'), ('I', 'O'), ('¥', 'O'), ('´', 'O'), ('?', 'O'), ('?', 'O'), ('?', 'O'), ('?', 'O'), ('²', 'O'), ('±', 'O'), ('?', 'O'), ('¡', 'O'), ('I', 'O'), ('¡', 'O'), ('§', 'O')]"
"And I thought to myself, in the middle of the night, in the middle of the Atlantic, what in the world could be wrong in Washington?","[('And', 'O'), ('I', 'O'), ('thought', 'O'), ('to', 'O'), ('myself', 'O'), (',', 'O'), ('in', 'O'), ('the', 'O'), ('middle', 'O'), ('of', 'O'), ('the', 'O'), ('night', 'O'), (',', 'O'), ('in', 'O'), ('the', 'O'), ('middle', 'O'), ('of', 'O'), ('the', 'O'), ('Atlantic', 'LOCATION'), (',', 'O'), ('what', 'O'), ('in', 'O'), ('the', 'O'), ('world', 'O'), ('could', 'O'), ('be', 'O'), ('wrong', 'O'), ('in', 'O'), ('Washington', 'LOCATION'), ('?', 'O')]",µM¦Z§Ú¦Û¤v¦b¨º«ä¦Ò¡A¤T§ó¥b©]¦b¤j¦è¬vªº¤¤¤ß ¨º¤\?²±?¯à¦³¤°¤\¥X?©O¡H,"[('µ', 'O'), ('M', 'O'), ('¦', 'O'), ('Z', 'O'), ('§', 'O'), ('Ú', 'O'), ('¦', 'O'), ('Û', 'O'), ('¤', 'O'), ('v', 'O'), ('¦', 'O'), ('b', 'O'), ('¨', 'O'), ('º', 'O'), ('«', 'O'), ('ä', 'O'), ('¦', 'O'), ('Ò', 'O'), ('¡', 'O'), ('A', 'O'), ('¤', 'O'), ('T', 'O'), ('§', 'O'), ('ó', 'O'), ('¥', 'O'), ('b', 'O'), ('©', 'O'), (']', 'O'), ('¦', 'O'), ('b', 'O'), ('¤', 'O'), ('j', 'O'), ('¦', 'O'), ('è', 'O'), ('¬', 'O'), ('v', 'O'), ('ª', 'O'), ('º', 'O'), ('¤', 'O'), ('¤', 'O'), ('¤', 'O'), ('ß', 'O'), ('¨', 'O'), ('º', 'O'), ('¤', 'O'), ('\\', 'O'), ('?', 'O'), ('²', 'O'), ('±', 'O'), ('?', 'O'), ('¯', 'O'), ('à', 'O'), ('¦', 'O'), ('³', 'O'), ('¤', 'O'), ('°', 'O'), ('¤', 'O'), ('\\', 'O'), ('¥', 'O'), ('X', 'O'), ('?', 'O'), ('©', 'O'), ('O', 'O'), ('¡', 'O'), ('H', 'O')]"
Then I remembered it could be a bunch of things.,"[('Then', 'O'), ('I', 'O'), ('remembered', 'O'), ('it', 'O'), ('could', 'O'), ('be', 'O'), ('a', 'O'), ('bunch', 'O'), ('of', 'O'), ('things', 'O'), ('.', 'O')]",±µ¤U?§Ú?°_?­ì??¬O¦³«Ü¦h¨Æ±¡ªº¡C,"[('±', 'O'), ('µ', 'O'), ('¤', 'O'), ('U', 'O'), ('?', 'O'), ('§', 'O'), ('Ú', 'O'), ('?', 'O'), ('°', 'O'), ('_', 'O'), ('?', 'O'), ('\xad', 'O'), ('ì', 'O'), ('?', 'O'), ('?', 'O'), ('¬', 'O'), ('O', 'O'), ('¦', 'O'), ('³', 'O'), ('«', 'O'), ('Ü', 'O'), ('¦', 'O'), ('h', 'O'), ('¨', 'O'), ('Æ', 'O'), ('±', 'O'), ('¡', 'O'), ('ª', 'O'), ('º', 'O'), ('¡', 'O'), ('C', 'O')]"
"But what it turned out to be, was that my staff was extremely upset because one of the wire services in Nigeria had already written a story about my speech, and it had already been printed in cities all across the United States of America.","[('But', 'O'), ('what', 'O'), ('it', 'O'), ('turned', 'O'), ('out', 'O'), ('to', 'O'), ('be', 'O'), (',', 'O'), ('was', 'O'), ('that', 'O'), ('my', 'O'), ('staff', 'O'), ('was', 'O'), ('extremely', 'O'), ('upset', 'O'), ('because', 'O'), ('one', 'O'), ('of', 'O'), ('the', 'O'), ('wire', 'O'), ('services', 'O'), ('in', 'O'), ('Nigeria', 'LOCATION'), ('had', 'O'), ('already', 'O'), ('written', 'O'), ('a', 'O'), ('story', 'O'), ('about', 'O'), ('my', 'O'), ('speech', 'O'), (',', 'O'), ('and', 'O'), ('it', 'O'), ('had', 'O'), ('already', 'O'), ('been', 'O'), ('printed', 'O'), ('in', 'O'), ('cities', 'O'), ('all', 'O'), ('across', 'O'), ('the', 'O'), ('United', 'LOCATION'), ('States', 'LOCATION'), ('of', 'LOCATION'), ('America', 'LOCATION'), ('.', 'O')]",¦ý¬O?ªG?©ú­ì?¬O§Úªº?¤uªºÌå«×?Ä¼ ¦]?¥§?§Q?¦³¤@®a³q?ªÀ¤w?§â§Úªººt??¦¨¤@?¬G¨Æ ¦}¥B¤w?¦L¥X?¦b¥þ¬ü?¦æ¤F,"[('¦', 'O'), ('ý', 'O'), ('¬', 'O'), ('O', 'O'), ('?', 'O'), ('ª', 'O'), ('G', 'O'), ('?', 'O'), ('©', 'O'), ('ú', 'O'), ('\xad', 'O'), ('ì', 'O'), ('?', 'O'), ('¬', 'O'), ('O', 'O'), ('§', 'O'), ('Ú', 'O'), ('ª', 'O'), ('º', 'O'), ('?', 'O'), ('¤', 'O'), ('u', 'O'), ('ª', 'O'), ('º', 'O'), ('Ì', 'O'), ('å', 'O'), ('«', 'O'), ('×', 'O'), ('?', 'O'), ('Ä', 'O'), ('¼', 'O'), ('¦', 'O'), (']', 'O'), ('?', 'O'), ('¥', 'O'), ('§', 'O'), ('?', 'O'), ('§', 'O'), ('Q', 'O'), ('?', 'O'), ('¦', 'O'), ('³', 'O'), ('¤', 'O'), ('@', 'O'), ('®', 'O'), ('a', 'O'), ('³', 'O'), ('q', 'O'), ('?', 'O'), ('ª', 'O'), ('À', 'O'), ('¤', 'O'), ('w', 'O'), ('?', 'O'), ('§', 'O'), ('â', 'O'), ('§', 'O'), ('Ú', 'O'), ('ª', 'O'), ('º', 'O'), ('º', 'O'), ('t', 'O'), ('?', 'O'), ('?', 'O'), ('¦', 'O'), ('¨', 'O'), ('¤', 'O'), ('@', 'O'), ('?', 'O'), ('¬', 'O'), ('G', 'O'), ('¨', 'O'), ('Æ', 'O'), ('¦', 'O'), ('}', 'O'), ('¥', 'O'), ('B', 'O'), ('¤', 'O'), ('w', 'O'), ('?', 'O'), ('¦', 'O'), ('L', 'O'), ('¥', 'O'), ('X', 'O'), ('?', 'O'), ('¦', 'O'), ('b', 'O'), ('¥', 'O'), ('þ', 'O'), ('¬', 'O'), ('ü', 'O'), ('?', 'O'), ('¦', 'O'), ('æ', 'O'), ('¤', 'O'), ('F', 'O')]"
"It was printed in Monterey, I checked.  And the story began, ""Former Vice President Al Gore announced in Nigeria yesterday,"" quote: 'My wife Tipper and I have opened a low-cost family restaurant'"" --  ""'named Shoney's, and we are running it ourselves.'"" Before I could get back to U.S. soil, David Letterman and Jay Leno had already started in on -- one of them had me in a big white chef's hat,","[('It', 'O'), ('was', 'O'), ('printed', 'O'), ('in', 'O'), ('Monterey', 'LOCATION'), (',', 'O'), ('I', 'O'), ('checked', 'O'), ('.', 'O'), ('And', 'O'), ('the', 'O'), ('story', 'O'), ('began', 'O'), (',', 'O'), ('``', 'O'), ('Former', 'O'), ('Vice', 'O'), ('President', 'O'), ('Al', 'PERSON'), ('Gore', 'PERSON'), ('announced', 'O'), ('in', 'O'), ('Nigeria', 'LOCATION'), ('yesterday', 'O'), (',', 'O'), (""''"", 'O'), ('quote', 'O'), (':', 'O'), (""'My"", 'O'), ('wife', 'O'), ('Tipper', 'PERSON'), ('and', 'O'), ('I', 'O'), ('have', 'O'), ('opened', 'O'), ('a', 'O'), ('low-cost', 'O'), ('family', 'O'), ('restaurant', 'O'), (""'"", 'O'), (""''"", 'O'), ('--', 'O'), ('``', 'O'), (""'named"", 'O'), ('Shoney', 'O'), (""'s"", 'O'), (',', 'O'), ('and', 'O'), ('we', 'O'), ('are', 'O'), ('running', 'O'), ('it', 'O'), ('ourselves', 'O'), ('.', 'O'), (""'"", 'O'), (""''"", 'O'), ('Before', 'O'), ('I', 'O'), ('could', 'O'), ('get', 'O'), ('back', 'O'), ('to', 'O'), ('U.S.', 'LOCATION'), ('soil', 'O'), (',', 'O'), ('David', 'PERSON'), ('Letterman', 'PERSON'), ('and', 'O'), ('Jay', 'PERSON'), ('Leno', 'PERSON'), ('had', 'O'), ('already', 'O'), ('started', 'O'), ('in', 'O'), ('on', 'O'), ('--', 'O'), ('one', 'O'), ('of', 'O'), ('them', 'O'), ('had', 'O'), ('me', 'O'), ('in', 'O'), ('a', 'O'), ('big', 'O'), ('white', 'O'), ('chef', 'O'), (""'s"", 'O'), ('hat', 'O'), (',', 'O')]","-- §Ú¬d?¤F¬O¦b»X¯S§Q?¦L¨êªº¡A¦Ó?ªº¬G¨Æ?¬O????ªº¡A ¡¨«e°Æ??¦ã?¡P¤à?«e¤Ñ¦b¥§?§Q??©ú¡A ¡¥§ÚÉO§Ú©d¤lTipper?¤F¤@®a§C¦¨¥»®a®x??À\?¡A¦W?Shoney's, ¦Ó¥B¬O¦³§Ú?¦Û¤v??ªº¡C¡§ ¦b§Ú¦^¨ì¬ü?¥»¤g«e¡A À¹??¯S°Ò©MªN¥ì??¤w??©l¦b·d?¨Ç¥Í·N¤F -- ¥L?¤¤ªº¤@?¤H??§ÚÀ¹¤F?«Ü¤jªº¤j?´U©O¡A","[('-', 'O'), ('-', 'O'), ('§', 'O'), ('Ú', 'O'), ('¬', 'O'), ('d', 'O'), ('?', 'O'), ('¤', 'O'), ('F', 'O'), ('¬', 'O'), ('O', 'O'), ('¦', 'O'), ('b', 'O'), ('»', 'O'), ('X', 'O'), ('¯', 'O'), ('S', 'O'), ('§', 'O'), ('Q', 'O'), ('?', 'O'), ('¦', 'O'), ('L', 'O'), ('¨', 'O'), ('ê', 'O'), ('ª', 'O'), ('º', 'O'), ('¡', 'O'), ('A', 'O'), ('¦', 'O'), ('Ó', 'O'), ('?', 'O'), ('ª', 'O'), ('º', 'O'), ('¬', 'O'), ('G', 'O'), ('¨', 'O'), ('Æ', 'O'), ('?', 'O'), ('¬', 'O'), ('O', 'O'), ('?', 'O'), ('?', 'O'), ('?', 'O'), ('?', 'O'), ('ª', 'O'), ('º', 'O'), ('¡', 'O'), ('A', 'O'), ('¡', 'O'), ('¨', 'O'), ('«', 'O'), ('e', 'O'), ('°', 'O'), ('Æ', 'O'), ('?', 'O'), ('?', 'O'), ('¦', 'O'), ('ã', 'O'), ('?', 'O'), ('¡', 'O'), ('P', 'O'), ('¤', 'O'), ('à', 'O'), ('?', 'O'), ('«', 'O'), ('e', 'O'), ('¤', 'O'), ('Ñ', 'O'), ('¦', 'O'), ('b', 'O'), ('¥', 'O'), ('§', 'O'), ('?', 'O'), ('§', 'O'), ('Q', 'O'), ('?', 'O'), ('?', 'O'), ('©', 'O'), ('ú', 'O'), ('¡', 'O'), ('A', 'O'), ('¡', 'O'), ('¥', 'O'), ('§', 'O'), ('Ú', 'O'), ('É', 'O'), ('O', 'O'), ('§', 'O'), ('Ú', 'O'), ('©', 'O'), ('d', 'O'), ('¤', 'O'), ('l', 'O'), ('T', 'O'), ('i', 'O'), ('p', 'O'), ('p', 'O'), ('e', 'O'), ('r', 'O'), ('?', 'O'), ('¤', 'O'), ('F', 'O'), ('¤', 'O'), ('@', 'O'), ('®', 'O'), ('a', 'O'), ('§', 'O'), ('C', 'O'), ('¦', 'O'), ('¨', 'O'), ('¥', 'O'), ('»', 'O'), ('®', 'O'), ('a', 'O'), ('®', 'O'), ('x', 'O'), ('?', 'O'), ('?', 'O'), ('À', 'O'), ('\\', 'O'), ('?', 'O'), ('¡', 'O'), ('A', 'O'), ('¦', 'O'), ('W', 'O'), ('?', 'O'), ('S', 'O'), ('h', 'O'), ('o', 'O'), ('n', 'O'), ('e', 'O'), ('y', 'O'), (""'"", 'O'), ('s', 'O'), (',', 'O'), ('¦', 'O'), ('Ó', 'O'), ('¥', 'O'), ('B', 'O'), ('¬', 'O'), ('O', 'O'), ('¦', 'O'), ('³', 'O'), ('§', 'O'), ('Ú', 'O'), ('?', 'O'), ('¦', 'O'), ('Û', 'O'), ('¤', 'O'), ('v', 'O'), ('?', 'O'), ('?', 'O'), ('ª', 'O'), ('º', 'O'), ('¡', 'O'), ('C', 'O'), ('¡', 'O'), ('§', 'O'), ('¦', 'O'), ('b', 'O'), ('§', 'O'), ('Ú', 'O'), ('¦', 'O'), ('^', 'O'), ('¨', 'O'), ('ì', 'O'), ('¬', 'O'), ('ü', 'O'), ('?', 'O'), ('¥', 'O'), ('»', 'O'), ('¤', 'O'), ('g', 'O'), ('«', 'O'), ('e', 'O'), ('¡', 'O'), ('A', 'O'), ('À', 'O'), ('¹', 'O'), ('?', 'O'), ('?', 'O'), ('¯', 'O'), ('S', 'O'), ('°', 'O'), ('Ò', 'O'), ('©', 'O'), ('M', 'O'), ('ª', 'O'), ('N', 'O'), ('¥', 'O'), ('ì', 'O'), ('?', 'O'), ('?', 'O'), ('¤', 'O'), ('w', 'O'), ('?', 'O'), ('?', 'O'), ('©', 'O'), ('l', 'O'), ('¦', 'O'), ('b', 'O'), ('·', 'O'), ('d', 'O'), ('?', 'O'), ('¨', 'O'), ('Ç', 'O'), ('¥', 'O'), ('Í', 'O'), ('·', 'O'), ('N', 'O'), ('¤', 'O'), ('F', 'O'), ('-', 'O'), ('-', 'O'), ('¥', 'O'), ('L', 'O'), ('?', 'O'), ('¤', 'O'), ('¤', 'O'), ('ª', 'O'), ('º', 'O'), ('¤', 'O'), ('@', 'O'), ('?', 'O'), ('¤', 'O'), ('H', 'O'), ('?', 'O'), ('?', 'O'), ('§', 'O'), ('Ú', 'O'), ('À', 'O'), ('¹', 'O'), ('¤', 'O'), ('F', 'O'), ('?', 'O'), ('«', 'O'), ('Ü', 'O'), ('¤', 'O'), ('j', 'O'), ('ª', 'O'), ('º', 'O'), ('¤', 'O'), ('j', 'O'), ('?', 'O'), ('´', 'O'), ('U', 'O'), ('©', 'O'), ('O', 'O'), ('¡', 'O'), ('A', 'O')]"
"Tipper was saying, ""One more burger with fries!""","[('Tipper', 'PERSON'), ('was', 'O'), ('saying', 'O'), (',', 'O'), ('``', 'O'), ('One', 'O'), ('more', 'O'), ('burger', 'O'), ('with', 'O'), ('fries', 'O'), ('!', 'O'), (""''"", 'O')]","Tipper??,""¦A?¤@??³ù¥]¥[Á¦?¡I¡§","[('T', 'O'), ('i', 'O'), ('p', 'O'), ('p', 'O'), ('e', 'O'), ('r', 'O'), ('?', 'O'), ('?', 'O'), (',', 'O'), ('""', 'O'), ('¦', 'O'), ('A', 'O'), ('?', 'O'), ('¤', 'O'), ('@', 'O'), ('?', 'O'), ('?', 'O'), ('³', 'O'), ('ù', 'O'), ('¥', 'O'), (']', 'O'), ('¥', 'O'), ('[', 'O'), ('Á', 'O'), ('¦', 'O'), ('?', 'O'), ('¡', 'O'), ('I', 'O'), ('¡', 'O'), ('§', 'O')]"
"I got a nice, long, handwritten letter from my friend and partner and colleague Bill Clinton, saying, ""Congratulations on the new restaurant, Al!""","[('I', 'O'), ('got', 'O'), ('a', 'O'), ('nice', 'O'), (',', 'O'), ('long', 'O'), (',', 'O'), ('handwritten', 'O'), ('letter', 'O'), ('from', 'O'), ('my', 'O'), ('friend', 'O'), ('and', 'O'), ('partner', 'O'), ('and', 'O'), ('colleague', 'O'), ('Bill', 'PERSON'), ('Clinton', 'PERSON'), (',', 'O'), ('saying', 'O'), (',', 'O'), ('``', 'O'), ('Congratulations', 'O'), ('on', 'O'), ('the', 'O'), ('new', 'O'), ('restaurant', 'O'), (',', 'O'), ('Al', 'PERSON'), ('!', 'O'), (""''"", 'O')]",¤T¤Ñ¦Z¡A§Ú?§ÚªºªB¤Í­Ý¥ë¦ñ­Ý¦P¨Æ¤ñ?§JªL?­þ¨½¦¬¨ì¤@«Ê ¤â?¡Aºë¬ü­Ý«Ü?ªº¤@«Ê«H¡A?®e¬O¡A¡¨¦ã?¡A¯¬·sÀ\???¡I¡¨,"[('¤', 'O'), ('T', 'O'), ('¤', 'O'), ('Ñ', 'O'), ('¦', 'O'), ('Z', 'O'), ('¡', 'O'), ('A', 'O'), ('§', 'O'), ('Ú', 'O'), ('?', 'O'), ('§', 'O'), ('Ú', 'O'), ('ª', 'O'), ('º', 'O'), ('ª', 'O'), ('B', 'O'), ('¤', 'O'), ('Í', 'O'), ('\xad', 'O'), ('Ý', 'O'), ('¥', 'O'), ('ë', 'O'), ('¦', 'O'), ('ñ', 'O'), ('\xad', 'O'), ('Ý', 'O'), ('¦', 'O'), ('P', 'O'), ('¨', 'O'), ('Æ', 'O'), ('¤', 'O'), ('ñ', 'O'), ('?', 'O'), ('§', 'O'), ('J', 'O'), ('ª', 'O'), ('L', 'O'), ('?', 'O'), ('\xad', 'O'), ('þ', 'O'), ('¨', 'O'), ('½', 'O'), ('¦', 'O'), ('¬', 'O'), ('¨', 'O'), ('ì', 'O'), ('¤', 'O'), ('@', 'O'), ('«', 'O'), ('Ê', 'O'), ('¤', 'O'), ('â', 'O'), ('?', 'O'), ('¡', 'O'), ('A', 'O'), ('º', 'O'), ('ë', 'O'), ('¬', 'O'), ('ü', 'O'), ('\xad', 'O'), ('Ý', 'O'), ('«', 'O'), ('Ü', 'O'), ('?', 'O'), ('ª', 'O'), ('º', 'O'), ('¤', 'O'), ('@', 'O'), ('«', 'O'), ('Ê', 'O'), ('«', 'O'), ('H', 'O'), ('¡', 'O'), ('A', 'O'), ('?', 'O'), ('®', 'O'), ('e', 'O'), ('¬', 'O'), ('O', 'O'), ('¡', 'O'), ('A', 'O'), ('¡', 'O'), ('¨', 'O'), ('¦', 'O'), ('ã', 'O'), ('?', 'O'), ('¡', 'O'), ('A', 'O'), ('¯', 'O'), ('¬', 'O'), ('·', 'O'), ('s', 'O'), ('À', 'O'), ('\\', 'O'), ('?', 'O'), ('?', 'O'), ('?', 'O'), ('¡', 'O'), ('I', 'O'), ('¡', 'O'), ('¨', 'O')]"
We like to celebrate each other's successes in life.,"[('We', 'O'), ('like', 'O'), ('to', 'O'), ('celebrate', 'O'), ('each', 'O'), ('other', 'O'), (""'s"", 'O'), ('successes', 'O'), ('in', 'O'), ('life', 'O'), ('.', 'O')]",§Ú?³ß?¦b?¤è¦¨¥\ªº?­Ô¤¬¬Û¯¬ºÖ,"[('§', 'O'), ('Ú', 'O'), ('?', 'O'), ('³', 'O'), ('ß', 'O'), ('?', 'O'), ('¦', 'O'), ('b', 'O'), ('?', 'O'), ('¤', 'O'), ('è', 'O'), ('¦', 'O'), ('¨', 'O'), ('¥', 'O'), ('\\', 'O'), ('ª', 'O'), ('º', 'O'), ('?', 'O'), ('\xad', 'O'), ('Ô', 'O'), ('¤', 'O'), ('¬', 'O'), ('¬', 'O'), ('Û', 'O'), ('¯', 'O'), ('¬', 'O'), ('º', 'O'), ('Ö', 'O')]"
I was going to talk about information ecology.,"[('I', 'O'), ('was', 'O'), ('going', 'O'), ('to', 'O'), ('talk', 'O'), ('about', 'O'), ('information', 'O'), ('ecology', 'O'), ('.', 'O')]",§Ú­n?¤@?«H®§¥Í??¡C,"[('§', 'O'), ('Ú', 'O'), ('\xad', 'O'), ('n', 'O'), ('?', 'O'), ('¤', 'O'), ('@', 'O'), ('?', 'O'), ('«', 'O'), ('H', 'O'), ('®', 'O'), ('§', 'O'), ('¥', 'O'), ('Í', 'O'), ('?', 'O'), ('?', 'O'), ('¡', 'O'), ('C', 'O')]"
"But I was thinking that, since I plan to make a lifelong habit of coming back to TED, that maybe I could talk about that another time.  Chris Anderson: It's a deal!","[('But', 'O'), ('I', 'O'), ('was', 'O'), ('thinking', 'O'), ('that', 'O'), (',', 'O'), ('since', 'O'), ('I', 'O'), ('plan', 'O'), ('to', 'O'), ('make', 'O'), ('a', 'O'), ('lifelong', 'O'), ('habit', 'O'), ('of', 'O'), ('coming', 'O'), ('back', 'O'), ('to', 'O'), ('TED', 'PERSON'), (',', 'O'), ('that', 'O'), ('maybe', 'O'), ('I', 'O'), ('could', 'O'), ('talk', 'O'), ('about', 'O'), ('that', 'O'), ('another', 'O'), ('time', 'O'), ('.', 'O'), ('Chris', 'PERSON'), ('Anderson', 'PERSON'), (':', 'O'), ('It', 'O'), (""'s"", 'O'), ('a', 'O'), ('deal', 'O'), ('!', 'O')]",¦ý¬O§Ú¤S¦b·Q¤]?§Ú¥i¯à?¦E§âTEDºt??§@§Ú?¥Íªº??¡A ¨º?ªº?¤]?§Ú¥i¥H¦b¨ä¥Lªº?­Ô?-«ü«H®§¥Í??¡]¹ª´x¡^ §J¨½´µ ¦w¼w´Ë¡G ¤@¨¥?©w¡I,"[('¦', 'O'), ('ý', 'O'), ('¬', 'O'), ('O', 'O'), ('§', 'O'), ('Ú', 'O'), ('¤', 'O'), ('S', 'O'), ('¦', 'O'), ('b', 'O'), ('·', 'O'), ('Q', 'O'), ('¤', 'O'), (']', 'O'), ('?', 'O'), ('§', 'O'), ('Ú', 'O'), ('¥', 'O'), ('i', 'O'), ('¯', 'O'), ('à', 'O'), ('?', 'O'), ('¦', 'O'), ('E', 'O'), ('§', 'O'), ('â', 'O'), ('T', 'O'), ('E', 'O'), ('D', 'O'), ('º', 'O'), ('t', 'O'), ('?', 'O'), ('?', 'O'), ('§', 'O'), ('@', 'O'), ('§', 'O'), ('Ú', 'O'), ('?', 'O'), ('¥', 'O'), ('Í', 'O'), ('ª', 'O'), ('º', 'O'), ('?', 'O'), ('?', 'O'), ('¡', 'O'), ('A', 'O'), ('¨', 'O'), ('º', 'O'), ('?', 'O'), ('ª', 'O'), ('º', 'O'), ('?', 'O'), ('¤', 'O'), (']', 'O'), ('?', 'O'), ('§', 'O'), ('Ú', 'O'), ('¥', 'O'), ('i', 'O'), ('¥', 'O'), ('H', 'O'), ('¦', 'O'), ('b', 'O'), ('¨', 'O'), ('ä', 'O'), ('¥', 'O'), ('L', 'O'), ('ª', 'O'), ('º', 'O'), ('?', 'O'), ('\xad', 'O'), ('Ô', 'O'), ('?', 'O'), ('-', 'O'), ('«', 'O'), ('ü', 'O'), ('«', 'O'), ('H', 'O'), ('®', 'O'), ('§', 'O'), ('¥', 'O'), ('Í', 'O'), ('?', 'O'), ('?', 'O'), ('¡', 'O'), (']', 'O'), ('¹', 'O'), ('ª', 'O'), ('´', 'O'), ('x', 'O'), ('¡', 'O'), ('^', 'O'), ('§', 'O'), ('J', 'O'), ('¨', 'O'), ('½', 'O'), ('´', 'O'), ('µ', 'O'), ('¦', 'O'), ('w', 'O'), ('¼', 'O'), ('w', 'O'), ('´', 'O'), ('Ë', 'O'), ('¡', 'O'), ('G', 'O'), ('¤', 'O'), ('@', 'O'), ('¨', 'O'), ('¥', 'O'), ('?', 'O'), ('©', 'O'), ('w', 'O'), ('¡', 'O'), ('I', 'O')]"
"Al Gore: I want to focus on what many of you have said What can you do about the climate crisis? I want to start with a couple of -- I'm going to show some new images, and I'm going to recapitulate just four or five.","[('Al', 'PERSON'), ('Gore', 'PERSON'), (':', 'O'), ('I', 'O'), ('want', 'O'), ('to', 'O'), ('focus', 'O'), ('on', 'O'), ('what', 'O'), ('many', 'O'), ('of', 'O'), ('you', 'O'), ('have', 'O'), ('said', 'O'), ('What', 'O'), ('can', 'O'), ('you', 'O'), ('do', 'O'), ('about', 'O'), ('the', 'O'), ('climate', 'O'), ('crisis', 'O'), ('?', 'O'), ('I', 'O'), ('want', 'O'), ('to', 'O'), ('start', 'O'), ('with', 'O'), ('a', 'O'), ('couple', 'O'), ('of', 'O'), ('--', 'O'), ('I', 'O'), (""'m"", 'O'), ('going', 'O'), ('to', 'O'), ('show', 'O'), ('some', 'O'), ('new', 'O'), ('images', 'O'), (',', 'O'), ('and', 'O'), ('I', 'O'), (""'m"", 'O'), ('going', 'O'), ('to', 'O'), ('recapitulate', 'O'), ('just', 'O'), ('four', 'O'), ('or', 'O'), ('five', 'O'), ('.', 'O')]",§Ú?¦b¥D­n·Q?¤@?§A?³Ì?¤ßªº?? ?¤_Éa­Ô¦MÉó§A¥i¥H°µ¤°¤\©O¡H§Ú·Q????©l?-- §Ú­n?§A?®i¥Ü¤@¨Ç·sªº·Ó¤ù¡A?µM?¦³¥|¤­?¤]»Ý­n­n­«·s®i¥Ü,"[('§', 'O'), ('Ú', 'O'), ('?', 'O'), ('¦', 'O'), ('b', 'O'), ('¥', 'O'), ('D', 'O'), ('\xad', 'O'), ('n', 'O'), ('·', 'O'), ('Q', 'O'), ('?', 'O'), ('¤', 'O'), ('@', 'O'), ('?', 'O'), ('§', 'O'), ('A', 'O'), ('?', 'O'), ('³', 'O'), ('Ì', 'O'), ('?', 'O'), ('¤', 'O'), ('ß', 'O'), ('ª', 'O'), ('º', 'O'), ('?', 'O'), ('?', 'O'), ('?', 'O'), ('¤', 'O'), ('_', 'O'), ('É', 'O'), ('a', 'O'), ('\xad', 'O'), ('Ô', 'O'), ('¦', 'O'), ('M', 'O'), ('É', 'O'), ('ó', 'O'), ('§', 'O'), ('A', 'O'), ('¥', 'O'), ('i', 'O'), ('¥', 'O'), ('H', 'O'), ('°', 'O'), ('µ', 'O'), ('¤', 'O'), ('°', 'O'), ('¤', 'O'), ('\\', 'O'), ('©', 'O'), ('O', 'O'), ('¡', 'O'), ('H', 'O'), ('§', 'O'), ('Ú', 'O'), ('·', 'O'), ('Q', 'O'), ('?', 'O'), ('?', 'O'), ('?', 'O'), ('?', 'O'), ('©', 'O'), ('l', 'O'), ('?', 'O'), ('-', 'O'), ('-', 'O'), ('§', 'O'), ('Ú', 'O'), ('\xad', 'O'), ('n', 'O'), ('?', 'O'), ('§', 'O'), ('A', 'O'), ('?', 'O'), ('®', 'O'), ('i', 'O'), ('¥', 'O'), ('Ü', 'O'), ('¤', 'O'), ('@', 'O'), ('¨', 'O'), ('Ç', 'O'), ('·', 'O'), ('s', 'O'), ('ª', 'O'), ('º', 'O'), ('·', 'O'), ('Ó', 'O'), ('¤', 'O'), ('ù', 'O'), ('¡', 'O'), ('A', 'O'), ('?', 'O'), ('µ', 'O'), ('M', 'O'), ('?', 'O'), ('¦', 'O'), ('³', 'O'), ('¥', 'O'), ('|', 'O'), ('¤', 'O'), ('\xad', 'O'), ('?', 'O'), ('¤', 'O'), (']', 'O'), ('»', 'O'), ('Ý', 'O'), ('\xad', 'O'), ('n', 'O'), ('\xad', 'O'), ('n', 'O'), ('\xad', 'O'), ('«', 'O'), ('·', 'O'), ('s', 'O'), ('®', 'O'), ('i', 'O'), ('¥', 'O'), ('Ü', 'O')]"
"Now, the slide show. I update the slide show every time I give it.","[('Now', 'O'), (',', 'O'), ('the', 'O'), ('slide', 'O'), ('show', 'O'), ('.', 'O'), ('I', 'O'), ('update', 'O'), ('the', 'O'), ('slide', 'O'), ('show', 'O'), ('every', 'O'), ('time', 'O'), ('I', 'O'), ('give', 'O'), ('it', 'O'), ('.', 'O')]",?¦b¬Ý¤Û?¤ù¡A§Ú¨C¦¸³£?§ó·s?¨Ç¤Û?¤ùªº¡C,"[('?', 'O'), ('¦', 'O'), ('b', 'O'), ('¬', 'O'), ('Ý', 'O'), ('¤', 'O'), ('Û', 'O'), ('?', 'O'), ('¤', 'O'), ('ù', 'O'), ('¡', 'O'), ('A', 'O'), ('§', 'O'), ('Ú', 'O'), ('¨', 'O'), ('C', 'O'), ('¦', 'O'), ('¸', 'O'), ('³', 'O'), ('£', 'O'), ('?', 'O'), ('§', 'O'), ('ó', 'O'), ('·', 'O'), ('s', 'O'), ('?', 'O'), ('¨', 'O'), ('Ç', 'O'), ('¤', 'O'), ('Û', 'O'), ('?', 'O'), ('¤', 'O'), ('ù', 'O'), ('ª', 'O'), ('º', 'O'), ('¡', 'O'), ('C', 'O')]"
"I add new images, because I learn more about it every time I give it.","[('I', 'O'), ('add', 'O'), ('new', 'O'), ('images', 'O'), (',', 'O'), ('because', 'O'), ('I', 'O'), ('learn', 'O'), ('more', 'O'), ('about', 'O'), ('it', 'O'), ('every', 'O'), ('time', 'O'), ('I', 'O'), ('give', 'O'), ('it', 'O'), ('.', 'O')]",§Ú¨C¦¸§ó·sªº?­Ô³£?¥[·sªº?¤ù?¥h¡A¨ä¤¤¤]?¨ì¤F?¦h·sªº¡C,"[('§', 'O'), ('Ú', 'O'), ('¨', 'O'), ('C', 'O'), ('¦', 'O'), ('¸', 'O'), ('§', 'O'), ('ó', 'O'), ('·', 'O'), ('s', 'O'), ('ª', 'O'), ('º', 'O'), ('?', 'O'), ('\xad', 'O'), ('Ô', 'O'), ('³', 'O'), ('£', 'O'), ('?', 'O'), ('¥', 'O'), ('[', 'O'), ('·', 'O'), ('s', 'O'), ('ª', 'O'), ('º', 'O'), ('?', 'O'), ('¤', 'O'), ('ù', 'O'), ('?', 'O'), ('¥', 'O'), ('h', 'O'), ('¡', 'O'), ('A', 'O'), ('¨', 'O'), ('ä', 'O'), ('¤', 'O'), ('¤', 'O'), ('¤', 'O'), (']', 'O'), ('?', 'O'), ('¨', 'O'), ('ì', 'O'), ('¤', 'O'), ('F', 'O'), ('?', 'O'), ('¦', 'O'), ('h', 'O'), ('·', 'O'), ('s', 'O'), ('ª', 'O'), ('º', 'O'), ('¡', 'O'), ('C', 'O')]"
"It's like beach-combing, you know?","[('It', 'O'), (""'s"", 'O'), ('like', 'O'), ('beach-combing', 'O'), (',', 'O'), ('you', 'O'), ('know', 'O'), ('?', 'O')]",´N¹³¨º¨Ç¦b¼é¦Á?¹jªº®ü?¤¤§ä?ª«¤@¯ë¡A,"[('´', 'O'), ('N', 'O'), ('¹', 'O'), ('³', 'O'), ('¨', 'O'), ('º', 'O'), ('¨', 'O'), ('Ç', 'O'), ('¦', 'O'), ('b', 'O'), ('¼', 'O'), ('é', 'O'), ('¦', 'O'), ('Á', 'O'), ('?', 'O'), ('¹', 'O'), ('j', 'O'), ('ª', 'O'), ('º', 'O'), ('®', 'O'), ('ü', 'O'), ('?', 'O'), ('¤', 'O'), ('¤', 'O'), ('§', 'O'), ('ä', 'O'), ('?', 'O'), ('ª', 'O'), ('«', 'O'), ('¤', 'O'), ('@', 'O'), ('¯', 'O'), ('ë', 'O'), ('¡', 'O'), ('A', 'O')]"
"Every time the tide comes in and out, you find some more shells.","[('Every', 'O'), ('time', 'O'), ('the', 'O'), ('tide', 'O'), ('comes', 'O'), ('in', 'O'), ('and', 'O'), ('out', 'O'), (',', 'O'), ('you', 'O'), ('find', 'O'), ('some', 'O'), ('more', 'O'), ('shells', 'O'), ('.', 'O')]",§A?§ä¨ì§ó¦hªº??¡C,"[('§', 'O'), ('A', 'O'), ('?', 'O'), ('§', 'O'), ('ä', 'O'), ('¨', 'O'), ('ì', 'O'), ('§', 'O'), ('ó', 'O'), ('¦', 'O'), ('h', 'O'), ('ª', 'O'), ('º', 'O'), ('?', 'O'), ('?', 'O'), ('¡', 'O'), ('C', 'O')]"
"Just in the last two days, we got the new temperature records in January.","[('Just', 'O'), ('in', 'O'), ('the', 'O'), ('last', 'O'), ('two', 'O'), ('days', 'O'), (',', 'O'), ('we', 'O'), ('got', 'O'), ('the', 'O'), ('new', 'O'), ('temperature', 'O'), ('records', 'O'), ('in', 'O'), ('January', 'O'), ('.', 'O')]",??¦b¬Q¤Ñ¡A§Ú?´N±o¨ì¤F·sªº¤@¤ë¥÷ªº?«×??¡C,"[('?', 'O'), ('?', 'O'), ('¦', 'O'), ('b', 'O'), ('¬', 'O'), ('Q', 'O'), ('¤', 'O'), ('Ñ', 'O'), ('¡', 'O'), ('A', 'O'), ('§', 'O'), ('Ú', 'O'), ('?', 'O'), ('´', 'O'), ('N', 'O'), ('±', 'O'), ('o', 'O'), ('¨', 'O'), ('ì', 'O'), ('¤', 'O'), ('F', 'O'), ('·', 'O'), ('s', 'O'), ('ª', 'O'), ('º', 'O'), ('¤', 'O'), ('@', 'O'), ('¤', 'O'), ('ë', 'O'), ('¥', 'O'), ('÷', 'O'), ('ª', 'O'), ('º', 'O'), ('?', 'O'), ('«', 'O'), ('×', 'O'), ('?', 'O'), ('?', 'O'), ('¡', 'O'), ('C', 'O')]"
This is just for the United States of America. Historical average for Januarys is 31 degrees; last month was 39.5 degrees.,"[('This', 'O'), ('is', 'O'), ('just', 'O'), ('for', 'O'), ('the', 'O'), ('United', 'LOCATION'), ('States', 'LOCATION'), ('of', 'LOCATION'), ('America', 'LOCATION'), ('.', 'O'), ('Historical', 'O'), ('average', 'O'), ('for', 'O'), ('Januarys', 'O'), ('is', 'O'), ('31', 'O'), ('degrees', 'O'), (';', 'O'), ('last', 'O'), ('month', 'O'), ('was', 'O'), ('39.5', 'O'), ('degrees', 'O'), ('.', 'O')]",???¬O¬ü?ªº¡A¤@¤ë¥÷ªº?¥v¥­§½??¬O31«×¡C ¤W?¤@¤ë¥÷¬O39.5«×¡C,"[('?', 'O'), ('?', 'O'), ('?', 'O'), ('¬', 'O'), ('O', 'O'), ('¬', 'O'), ('ü', 'O'), ('?', 'O'), ('ª', 'O'), ('º', 'O'), ('¡', 'O'), ('A', 'O'), ('¤', 'O'), ('@', 'O'), ('¤', 'O'), ('ë', 'O'), ('¥', 'O'), ('÷', 'O'), ('ª', 'O'), ('º', 'O'), ('?', 'O'), ('¥', 'O'), ('v', 'O'), ('¥', 'O'), ('\xad', 'O'), ('§', 'O'), ('½', 'O'), ('?', 'O'), ('?', 'O'), ('¬', 'O'), ('O', 'O'), ('3', 'O'), ('1', 'O'), ('«', 'O'), ('×', 'O'), ('¡', 'O'), ('C', 'O'), ('¤', 'O'), ('W', 'O'), ('?', 'O'), ('¤', 'O'), ('@', 'O'), ('¤', 'O'), ('ë', 'O'), ('¥', 'O'), ('÷', 'O'), ('¬', 'O'), ('O', 'O'), ('3', 'O'), ('9', 'O'), ('.', 'O'), ('5', 'O'), ('«', 'O'), ('×', 'O'), ('¡', 'O'), ('C', 'O')]"
"Now, I know that you wanted some more bad news about the environment -- I'm kidding. But these are the recapitulation slides, and then I'm going to go into new material about what you can do.","[('Now', 'O'), (',', 'O'), ('I', 'O'), ('know', 'O'), ('that', 'O'), ('you', 'O'), ('wanted', 'O'), ('some', 'O'), ('more', 'O'), ('bad', 'O'), ('news', 'O'), ('about', 'O'), ('the', 'O'), ('environment', 'O'), ('--', 'O'), ('I', 'O'), (""'m"", 'O'), ('kidding', 'O'), ('.', 'O'), ('But', 'O'), ('these', 'O'), ('are', 'O'), ('the', 'O'), ('recapitulation', 'O'), ('slides', 'O'), (',', 'O'), ('and', 'O'), ('then', 'O'), ('I', 'O'), (""'m"", 'O'), ('going', 'O'), ('to', 'O'), ('go', 'O'), ('into', 'O'), ('new', 'O'), ('material', 'O'), ('about', 'O'), ('what', 'O'), ('you', 'O'), ('can', 'O'), ('do', 'O'), ('.', 'O')]",?¦b¡A§Úª¾¹D§A·Q­n§ó¦hªº?¤_?¹Òªº§¥·s? --¥u¬O?ª±¯º-- ¦ý?¨Ç¥u¬O­«­z¤Û?¤ù¡A µM¦Z§Ú?????¤_§A¯à°µ¤°¤\ªº·s?®e¡C,"[('?', 'O'), ('¦', 'O'), ('b', 'O'), ('¡', 'O'), ('A', 'O'), ('§', 'O'), ('Ú', 'O'), ('ª', 'O'), ('¾', 'O'), ('¹', 'O'), ('D', 'O'), ('§', 'O'), ('A', 'O'), ('·', 'O'), ('Q', 'O'), ('\xad', 'O'), ('n', 'O'), ('§', 'O'), ('ó', 'O'), ('¦', 'O'), ('h', 'O'), ('ª', 'O'), ('º', 'O'), ('?', 'O'), ('¤', 'O'), ('_', 'O'), ('?', 'O'), ('¹', 'O'), ('Ò', 'O'), ('ª', 'O'), ('º', 'O'), ('§', 'O'), ('¥', 'O'), ('·', 'O'), ('s', 'O'), ('?', 'O'), ('-', 'O'), ('-', 'O'), ('¥', 'O'), ('u', 'O'), ('¬', 'O'), ('O', 'O'), ('?', 'O'), ('ª', 'O'), ('±', 'O'), ('¯', 'O'), ('º', 'O'), ('-', 'O'), ('-', 'O'), ('¦', 'O'), ('ý', 'O'), ('?', 'O'), ('¨', 'O'), ('Ç', 'O'), ('¥', 'O'), ('u', 'O'), ('¬', 'O'), ('O', 'O'), ('\xad', 'O'), ('«', 'O'), ('\xad', 'O'), ('z', 'O'), ('¤', 'O'), ('Û', 'O'), ('?', 'O'), ('¤', 'O'), ('ù', 'O'), ('¡', 'O'), ('A', 'O'), ('µ', 'O'), ('M', 'O'), ('¦', 'O'), ('Z', 'O'), ('§', 'O'), ('Ú', 'O'), ('?', 'O'), ('?', 'O'), ('?', 'O'), ('?', 'O'), ('?', 'O'), ('¤', 'O'), ('_', 'O'), ('§', 'O'), ('A', 'O'), ('¯', 'O'), ('à', 'O'), ('°', 'O'), ('µ', 'O'), ('¤', 'O'), ('°', 'O'), ('¤', 'O'), ('\\', 'O'), ('ª', 'O'), ('º', 'O'), ('·', 'O'), ('s', 'O'), ('?', 'O'), ('®', 'O'), ('e', 'O'), ('¡', 'O'), ('C', 'O')]"
But I wanted to elaborate on a couple of these.,"[('But', 'O'), ('I', 'O'), ('wanted', 'O'), ('to', 'O'), ('elaborate', 'O'), ('on', 'O'), ('a', 'O'), ('couple', 'O'), ('of', 'O'), ('these', 'O'), ('.', 'O')]",¦ý§Ú·Q¥ý?©ú¤U?¨Ç?¦è¡C,"[('¦', 'O'), ('ý', 'O'), ('§', 'O'), ('Ú', 'O'), ('·', 'O'), ('Q', 'O'), ('¥', 'O'), ('ý', 'O'), ('?', 'O'), ('©', 'O'), ('ú', 'O'), ('¤', 'O'), ('U', 'O'), ('?', 'O'), ('¨', 'O'), ('Ç', 'O'), ('?', 'O'), ('¦', 'O'), ('è', 'O'), ('¡', 'O'), ('C', 'O')]"
"First of all, this is where we're projected to go with the U.S. contribution to global warming, under business as usual. Efficiency in end-use electricity and end-use of all energy is the low-hanging fruit. Efficiency and conservation -- it's not a cost; it's a profit.","[('First', 'O'), ('of', 'O'), ('all', 'O'), (',', 'O'), ('this', 'O'), ('is', 'O'), ('where', 'O'), ('we', 'O'), (""'re"", 'O'), ('projected', 'O'), ('to', 'O'), ('go', 'O'), ('with', 'O'), ('the', 'O'), ('U.S.', 'LOCATION'), ('contribution', 'O'), ('to', 'O'), ('global', 'O'), ('warming', 'O'), (',', 'O'), ('under', 'O'), ('business', 'O'), ('as', 'O'), ('usual', 'O'), ('.', 'O'), ('Efficiency', 'O'), ('in', 'O'), ('end-use', 'O'), ('electricity', 'O'), ('and', 'O'), ('end-use', 'O'), ('of', 'O'), ('all', 'O'), ('energy', 'O'), ('is', 'O'), ('the', 'O'), ('low-hanging', 'O'), ('fruit', 'O'), ('.', 'O'), ('Efficiency', 'O'), ('and', 'O'), ('conservation', 'O'), ('--', 'O'), ('it', 'O'), (""'s"", 'O'), ('not', 'O'), ('a', 'O'), ('cost', 'O'), (';', 'O'), ('it', 'O'), (""'s"", 'O'), ('a', 'O'), ('profit', 'O'), ('.', 'O')]",­º¥ý¡A?¬O§Ú?¦ô?¨ìªº?¤_¬ü??¥þ²y?«Ç®Ä?ªº??¡A ¦b´¶³q±¡?¤U?¤_?¤O©M¯à·½ªº³Ì?¨Ï¥Îªº®Ä²v ´N¹³ç÷?´N¯à??ªºªG?¡A«D±`§Cªº¡C ®Ä²v©M?¦ÛµM?¹Òªº«O?¡G,"[('\xad', 'O'), ('º', 'O'), ('¥', 'O'), ('ý', 'O'), ('¡', 'O'), ('A', 'O'), ('?', 'O'), ('¬', 'O'), ('O', 'O'), ('§', 'O'), ('Ú', 'O'), ('?', 'O'), ('¦', 'O'), ('ô', 'O'), ('?', 'O'), ('¨', 'O'), ('ì', 'O'), ('ª', 'O'), ('º', 'O'), ('?', 'O'), ('¤', 'O'), ('_', 'O'), ('¬', 'O'), ('ü', 'O'), ('?', 'O'), ('?', 'O'), ('¥', 'O'), ('þ', 'O'), ('²', 'O'), ('y', 'O'), ('?', 'O'), ('«', 'O'), ('Ç', 'O'), ('®', 'O'), ('Ä', 'O'), ('?', 'O'), ('ª', 'O'), ('º', 'O'), ('?', 'O'), ('?', 'O'), ('¡', 'O'), ('A', 'O'), ('¦', 'O'), ('b', 'O'), ('´', 'O'), ('¶', 'O'), ('³', 'O'), ('q', 'O'), ('±', 'O'), ('¡', 'O'), ('?', 'O'), ('¤', 'O'), ('U', 'O'), ('?', 'O'), ('¤', 'O'), ('_', 'O'), ('?', 'O'), ('¤', 'O'), ('O', 'O'), ('©', 'O'), ('M', 'O'), ('¯', 'O'), ('à', 'O'), ('·', 'O'), ('½', 'O'), ('ª', 'O'), ('º', 'O'), ('³', 'O'), ('Ì', 'O'), ('?', 'O'), ('¨', 'O'), ('Ï', 'O'), ('¥', 'O'), ('Î', 'O'), ('ª', 'O'), ('º', 'O'), ('®', 'O'), ('Ä', 'O'), ('²', 'O'), ('v', 'O'), ('´', 'O'), ('N', 'O'), ('¹', 'O'), ('³', 'O'), ('ç', 'O'), ('÷', 'O'), ('?', 'O'), ('´', 'O'), ('N', 'O'), ('¯', 'O'), ('à', 'O'), ('?', 'O'), ('?', 'O'), ('ª', 'O'), ('º', 'O'), ('ª', 'O'), ('G', 'O'), ('?', 'O'), ('¡', 'O'), ('A', 'O'), ('«', 'O'), ('D', 'O'), ('±', 'O'), ('`', 'O'), ('§', 'O'), ('C', 'O'), ('ª', 'O'), ('º', 'O'), ('¡', 'O'), ('C', 'O'), ('®', 'O'), ('Ä', 'O'), ('²', 'O'), ('v', 'O'), ('©', 'O'), ('M', 'O'), ('?', 'O'), ('¦', 'O'), ('Û', 'O'), ('µ', 'O'), ('M', 'O'), ('?', 'O'), ('¹', 'O'), ('Ò', 'O'), ('ª', 'O'), ('º', 'O'), ('«', 'O'), ('O', 'O'), ('?', 'O'), ('¡', 'O'), ('G', 'O')]"
The sign is wrong.,"[('The', 'O'), ('sign', 'O'), ('is', 'O'), ('wrong', 'O'), ('.', 'O')]",¤£¬O¦¨¥»¡A¦Ó¬O§Q?¡C «H?¬O??ªº¡C,"[('¤', 'O'), ('£', 'O'), ('¬', 'O'), ('O', 'O'), ('¦', 'O'), ('¨', 'O'), ('¥', 'O'), ('»', 'O'), ('¡', 'O'), ('A', 'O'), ('¦', 'O'), ('Ó', 'O'), ('¬', 'O'), ('O', 'O'), ('§', 'O'), ('Q', 'O'), ('?', 'O'), ('¡', 'O'), ('C', 'O'), ('«', 'O'), ('H', 'O'), ('?', 'O'), ('¬', 'O'), ('O', 'O'), ('?', 'O'), ('?', 'O'), ('ª', 'O'), ('º', 'O'), ('¡', 'O'), ('C', 'O')]"
It's not negative; it's positive. These are investments that pay for themselves.,"[('It', 'O'), (""'s"", 'O'), ('not', 'O'), ('negative', 'O'), (';', 'O'), ('it', 'O'), (""'s"", 'O'), ('positive', 'O'), ('.', 'O'), ('These', 'O'), ('are', 'O'), ('investments', 'O'), ('that', 'O'), ('pay', 'O'), ('for', 'O'), ('themselves', 'O'), ('.', 'O')]",¤£¬O?­±®Ä?¡A¦Ó¬O¥¿­±ªº¡C?¨Ç³£¬O?¦Û¤v¤ä¥Iªº§ë?¡C,"[('¤', 'O'), ('£', 'O'), ('¬', 'O'), ('O', 'O'), ('?', 'O'), ('\xad', 'O'), ('±', 'O'), ('®', 'O'), ('Ä', 'O'), ('?', 'O'), ('¡', 'O'), ('A', 'O'), ('¦', 'O'), ('Ó', 'O'), ('¬', 'O'), ('O', 'O'), ('¥', 'O'), ('¿', 'O'), ('\xad', 'O'), ('±', 'O'), ('ª', 'O'), ('º', 'O'), ('¡', 'O'), ('C', 'O'), ('?', 'O'), ('¨', 'O'), ('Ç', 'O'), ('³', 'O'), ('£', 'O'), ('¬', 'O'), ('O', 'O'), ('?', 'O'), ('¦', 'O'), ('Û', 'O'), ('¤', 'O'), ('v', 'O'), ('¤', 'O'), ('ä', 'O'), ('¥', 'O'), ('I', 'O'), ('ª', 'O'), ('º', 'O'), ('§', 'O'), ('ë', 'O'), ('?', 'O'), ('¡', 'O'), ('C', 'O')]"
But they are also very effective in deflecting our path.,"[('But', 'O'), ('they', 'O'), ('are', 'O'), ('also', 'O'), ('very', 'O'), ('effective', 'O'), ('in', 'O'), ('deflecting', 'O'), ('our', 'O'), ('path', 'O'), ('.', 'O')]",¦ý¬O¥¦?¦b?²¾§Ú?«ä·Qªº?­Ô¤]¬O«D±`¦³®Äªº¡C,"[('¦', 'O'), ('ý', 'O'), ('¬', 'O'), ('O', 'O'), ('¥', 'O'), ('¦', 'O'), ('?', 'O'), ('¦', 'O'), ('b', 'O'), ('?', 'O'), ('²', 'O'), ('¾', 'O'), ('§', 'O'), ('Ú', 'O'), ('?', 'O'), ('«', 'O'), ('ä', 'O'), ('·', 'O'), ('Q', 'O'), ('ª', 'O'), ('º', 'O'), ('?', 'O'), ('\xad', 'O'), ('Ô', 'O'), ('¤', 'O'), (']', 'O'), ('¬', 'O'), ('O', 'O'), ('«', 'O'), ('D', 'O'), ('±', 'O'), ('`', 'O'), ('¦', 'O'), ('³', 'O'), ('®', 'O'), ('Ä', 'O'), ('ª', 'O'), ('º', 'O'), ('¡', 'O'), ('C', 'O')]"
