Chinese Sentence,Chinese NER Tagged
非常谢谢，克里斯。的确非常荣幸 能有第二次站在这个台上的机会，我真是非常感激。,"[('克里斯', 'nr', 3, 4)]"
这个会议真是让我感到惊叹不已，我还要谢谢你们留下的 关于我上次演讲的精彩评论,[]
我是非常真诚的，部分原因是因为----我的确非常需要！ 你设身处地为我想想！,[]
我坐了8年的空军二号。,[]
不过现在上飞机前我则要脱掉我的鞋子,[]
我给你讲个小故事来形容我现在是什么样的,[]
这是个真实的故事--每一点都是如此。,[]
就在我和Tipper离开白宫稍后不久 -- -- 我们驱车从纳什维尔的家开到 我们在东边50里外的一个小农场--,"[('纳什维尔', 'ns', 13, 14)]"
自己开车,[]
我知道这对你们来说是小事一桩，但是 ---- 正当我看着后视镜的时候，突然感到非常惊奇。,[]
后面竟然没有车队。,[]
你们听过幻肢痛么？,[]
这辆福特Taurus是租来的，这时刚好是晚饭的时候 我们就开始找吃饭的地方,[]
我们在40号洲际公路上，要在238出口下到田纳西州的黎巴嫩市,"[('田纳西州', 'ns', 14, 15), ('黎巴嫩市', 'ns', 16, 17)]"
我们从出口下来，开始寻找一家--我们找到了Shoney餐馆。,[]
你们有些人也许不知道，这是家低成本的家庭连锁餐厅,[]
我们走进去后坐在小亭子里，女服务员也走了过来。 我跟Tipper引起了一阵骚动。 她写单后走到我们旁边亭子里的一对情侣边， 然后她的声音变得非常小以至于我要竖起耳朵才能听到她在说什么,[]
接着她说”是的，他们就是前副总统艾尔·戈尔和他的妻子Tipper。“,"[('艾尔·戈尔', 'nr', 10, 11)]"
那个男的接着说，“他已经非常努力了，不是吗？“,[]
已经算是有些显灵了。,[]
第二天，继续一个完全真实的故事。 我登上G-5就飞到非洲的尼尔利亚做演讲去了， 在首都拉各斯，主题则是关于能源。,"[('非洲', 'ns', 17, 18), ('尼尔利亚', 'ns', 19, 20), ('拉各斯', 'ns', 27, 28)]"
而演讲开始我则把前一天发生在纳什维尔州 的故事讲了一遍。,"[('纳什维尔州', 'ns', 11, 12)]"
就如同刚刚我给你们讲的故事一模一样。 我妻子和我自己开车，Shoney's餐馆，低成本家庭连锁餐厅 饭店那个男人的话--然后观众笑了,[]
演讲完后就开到飞机场飞回老家了,[]
接着我就在飞机上睡着了，直到三更半夜才醒来， 飞机在亚速尔群岛降落加油。,"[('亚速尔群岛', 'ns', 16, 18)]"
我醒了过来，走出飞机去呼吸点新鲜空气， 然后我看到有个人跑过飞机跑道,[]
他一边挥舞着一张纸，一边大喊， ”打电话给华盛顿！打电话给华盛顿！“,"[('华盛顿', 'ns', 14, 15), ('华盛顿', 'ns', 18, 19)]"
然后我自己在那思考，三更半夜在大西洋的中心 那么华盛顿能有什么出错呢？,"[('大西洋', 'ns', 9, 10), ('华盛顿', 'ns', 13, 14)]"
接下来我记起来原来还是有很多事情的。,[]
但是结果证明原来是我的员工的极度烦躁 因为尼尔利亚有一家通讯社已经把我的演讲写成一个故事 并且已经印出来在全美发行了,"[('尼尔利亚', 'ns', 12, 13)]"
"-- 我查过了是在蒙特利尔印刷的，而写的故事则是这样开头的， ”前副总统艾尔·戈尔前天在尼尔利亚声明， ‘我与我妻子Tipper开了一家低成本家庭连锁餐厅，名为Shoney's, 而且是有我们自己经营的。“ 在我回到美国本土前， 戴维莱特曼和杰伊莱诺已经开始在搞这些生意了 -- 他们中的一个人还让我戴了个很大的大厨帽呢，","[('蒙特利尔', 'ns', 7, 8), ('艾尔·戈尔', 'nr', 24, 25), ('尼尔利亚', 'ns', 27, 28), ('Tipper', 'nr', 35, 36), ('美国', 'ns', 63, 64), ('戴维莱特曼', 'nr', 67, 68), ('杰伊莱诺', 'nr', 69, 70)]"
"Tipper还说,""再来一个汉堡包加薯条！“",[]
三天后，我从我的朋友兼伙伴兼同事比尔克林顿哪里收到一封 手写，精美兼很长的一封信，内容是，”艾尔，祝新餐馆开张！”,"[('比尔克林顿', 'nr', 13, 14), ('艾尔', 'nr', 33, 34)]"
我们喜欢在对方成功的时候互相祝福,[]
我要谈一谈信息生态学。,[]
但是我又在想也许我可能计划把TED演讲当作我毕生的习惯， 那样的话也许我可以在其他的时候讲-指信息生态学（鼓掌） 克里斯 安德森： 一言为定！,"[('克里斯 安德森', 'nr', 36, 37)]"
我现在主要想谈一谈你们最关心的问题 对于气候危机你可以做什么呢？我想从这点开始谈-- 我要给你们展示一些新的照片，当然还有四五张也需要要重新展示,[]
现在看幻灯片，我每次都会更新这些幻灯片的。,[]
我每次更新的时候都会加新的图片进去，其中也许到了许多新的。,[]
就像那些在潮汐间隔的海滩中找宝物一般，,[]
你会找到更多的贝壳。,[]
刚刚在昨天，我们就得到了新的一月份的温度记录。,[]
这仅仅是美国的，一月份的历史平局记录是31度。 上个一月份是39.5度。,"[('美国', 'ns', 3, 4)]"
现在，我知道你想要更多的关于环境的坏新闻 --只是个玩笑-- 但这些只是重述幻灯片， 然后我将会谈论关于你能做什么的新内容。,[]
但我想先说明下这些东西。,[]
首先，这是我们估计到的关于美国对全球温室效应的贡献， 在普通情况下对于电力和能源的最终使用的效率 就像踮脚就能够着的果实，非常低的。 效率和对自然环境的保护：,"[('美国', 'ns', 9, 10)]"
不是成本，而是利润。 信号是错误的。,[]
不是负面效应，而是正面的。这些都是为自己支付的投资。,[]
但是它们在转移我们思想的时候也是非常有效的。,[]
汽车和火车--我在上次幻灯片的时候谈到过， 但是我希望你们能够先思考一下。,[]
这应该是我们所忧虑的目标里比较容易和显而易见的一个了， 但是相对于汽车和货车，对于全球温室效应的污染则更多 来自于建筑物。,[]
汽车和货车是非常明显的，因为我们的标准是全世界最低的。,[]
这样的话我们应该解决这个问题，但是这又是个伤脑筋的难题。,[]
其他交通工具的效率当然也应和汽车货车一样！,[]
可再生能源目前水平的技术效率 可以大大的改变现状， 而且还有维诺德和约翰·多尔等等 你们中的许多人直接参与其中 --这个楔形的成长要比我们目前所预计的要迅速的多。,"[('维诺德', 'nr', 16, 17), ('约翰·多尔', 'nr', 18, 19)]"
碳捕捉及封存技术--就是CCS代表的意思 --很有可能变成杀手级的应用 它将使我们能够继续安全的使用矿物燃料。,[]
不过技术上还不是非常的成熟。,[]
"OK,现在，你在家里可以做什么来减少排放呢？",[]
大多数这些支出也是有利可图的。,[]
尽可能的购买绝缘，更优设计和绿色电力的产品。,[]
如同我提到的汽车--购买混合动力或者坐轻轨。,[]
想出一些其他更好的替代方案，这是非常重要的。,[]
成为一个环保消费者，对于你买的所有东西都要选择， 比较哪个产品对于全球气候危机的影响大,[]
还是小 考虑这点，下决心去拥有一个碳中性的生活。,[]
对于你们中那些熟悉品牌运作的人， 我希望可以从你们那里得到建议和帮助 关于如何让人知道这是关乎大多数人的利益。,[]
这比你想象的要容易些，真的。,[]
你们中的许多人已经做出了合适的决定，这真的是相当容易。,[]
在做各种选择前尽量选那些可以减少二氧化碳排放量的， 而且还要对那些没做到的决定作出合适的补偿 具体什么意思可以看 climatecrisis.net 网站上的说明。,[]
哪里有个碳排量计算器。可以计算你的碳排放量。 由于我积极的参与其中，全球最棒的软件设计师 根据碳排放的计算公式设计出这个 非常友好的碳排放计算器.,[]
你可以非常精确的计算出你的碳排放量. 然后还会给出如何减少碳排放的建议.,[]
"等五月份电影出来的时候,这个版本也会升级到2.0. 更新中包括能够购买碳排放抵消的功能",[]
接下来，关于如何使你的商业碳中和化，当然，我们中的许多人已经做到了。 其实这不是你想的那么难，只要把气候危机解决方案融入到所有的革新当中。 不管你是处于科技领域或娱乐事业， 或设计行业和社区建筑。,[]
持续的投资，姆吉拉提及过这个。,"[('姆吉拉', 'nr', 4, 5)]"
听着，如果你必须要和一个他的报酬是基于 年度绩效的经理人的话。 别再抱怨季度报告里关于首席执行官的管理,[]
久而久之，人们会做你付钱让他们去做的事，而且如果他们断定,[]
基于他们投资的多少而获得多少的话。 根据短期回报率，你必须做出短期决策。,[]
关于这个有太多需要说了。,[]
成为一个促进改变的人，教导其他人，学习它，讨论它。,[]
关于电影发行--其实电影只是这个幻灯片我2天前演讲的的电影版本 除了电影比较更具娱乐性，电影在五月份发行。,[]
你们中的许多人有机会可以让更多的人去看这个电影。,[]
考虑送一些人去纳什维尔看。,"[('纳什维尔', 'ns', 5, 6)]"
然后我个人也会训练一些人去做这个演讲，重新利用. 其中的一些明显的个人故事只好用一般方法代替了。 当然不只只是这些幻灯片，而是它们蕴含的意思以及如何使他们联系起来。,[]
这样的话我就会在今年夏天带一个课程 给那帮获得提名的人们上一课。 全体的，在全国各地的社区， 每个星期我们也会为他们更新这些幻灯片 来保证资料都处在最前沿。,[]
和拉里·莱斯格一起工作，那会是，在过程中的某个阶段。 用工具和限量使用版权来张贴， 那样的话年轻人就可以用他们自己的方法重新制作。,"[('拉里·莱斯格', 'nr', 1, 2)]"
人们都是从哪里得知应该跟政治保持距离呢？,[]
这无关你是否是共和党人然后我要说服你变成一个民主党人士。,[]
我们也需要共和党人。这是个两党连立的问题， 据我所知这在我们这个团体里面的确是如此的。变成政治活跃人士。,[]
使我们的民主照着原本应该的方式来运作。,[]
支持关于二氧化碳排放和全球温室效应污染的理念，,[]
并且补偿这一切，这是因为，由于美国在这个世界体系之外， 但是这又不是个封闭的体系。,"[('美国', 'ns', 10, 11)]"
但是一旦它变成了封闭的体系，不管美国是否参与， 那样的话每个人都成为董事会成员了 --这里有多少人是公司里面的董事会成员呢？,"[('美国', 'ns', 10, 11)]"
一旦它成为一个封闭的体系，你将背负法律上的责任如果你不督促你的CEO 从减少和补偿可以避免的碳排放方面获得最大的收入。,[]
如果我们能够实现它的话那么市场先生将会自己去解决这个问题。,[]
从今年春天开始的大众劝说运动的帮助。,[]
我们必须去改变美国人民的观念。,"[('美国', 'ns', 4, 5)]"
因为现在的政治不允许去做一些需要做的事。,[]
在一个现代化国家，逻辑和理性的作用已不再只包括 以前所做的关于财富和权力的调解。,[]
现在已经是短的，热门的，30秒，28秒的电视广告的重复播放。,[]
我们必须要买许多这样的广告。,[]
让我们把全球变暖这个品牌重新包装一下，就如许多人建议的那样。,[]
相对于气候崩溃我更喜欢气候危机这个叫法， 老调重谈一下，如果你们谁对品牌运作方面相当在行的话，我需要你们的帮助。,[]
有个科学家告诉我，有人说我们现在面对的检验是， 对生拇指和新皮层的组合是否是 一种可以实行的组合。,[]
这是真的。上次我也说过了，但是我现在再重复一次：这不是政治问题。,[]
今天来的共和党人们，这不应该是党派性的。,[]
你甚至比在我们这里的有些共和党人更加具有影响力。,[]
这不止是个很好的机会，更可以把今天我们在这里的想法连接到 并一致的带给其他人。,[]
我们是整体。,[]
谢谢感谢，我非常的感激。,[]
说到发明 我想跟你们说说我最得意的一个项目,[]
我觉得它是我现在做的最令我兴奋的项目 同时也是最简单的一个,[]
这个项目很可能极大地影响世界,[]
它能解决目前世界上最严重的健康问题之一 这个问题是5岁以下儿童死亡的头号杀手,[]
是什么呢？ 水媒传染疾病？痢疾？营养不良？,[]
都不对，是吸入厨房油烟 导致急性呼吸道感染，你相信吗？,[]
我感到很震惊也很可怕,[]
我们能否发明更清洁的炊事燃料？,[]
更好的炉灶？,[]
这个问题为何每年能杀死200多万人呢？,[]
我知道Bill Joy和大家讲过 碳纳管的奇妙之处 那今天我就和大家讲讲 大碳管也就是木炭的妙用 这是一张海地乡村的照片，海地国土面积的98%如今都没有森林覆盖了,"[('海地', 'ns', 32, 33), ('海地', 'ns', 37, 38)]"
整个海地岛屿都是这幅景象,[]
这造成了各种环境问题 以及一些影响海地人民的其他问题,"[('海地', 'ns', 9, 10)]"
几年前一场洪水肆虐 夺走了几千人的生命 这都是因为 山上没有树来巩固土壤,[]
所以一旦下雨，雨水混杂泥土直接冲入河流，造成洪灾,[]
这里没树主要是因为 人们烧饭需要燃料 于是人们把木材做成木炭,[]
并不是海地人不重视环境保护,"[('海地', 'ns', 3, 4)]"
他们明白环境重要，但是他们无可奈何,[]
这里没有化石燃料 太阳能也不是很好用,[]
所以这也算是无奈之举,[]
你常能看到这样一家人一起去森林里 砍了树，再做成木炭,[]
毫无疑问，人们已经很努力 找寻这种燃料的替代品了,[]
4年前，我和一群学生去海地 和当地的和平队志愿者一起工作,"[('海地', 'ns', 10, 11)]"
有一个志愿者 在他呆的村庄里发明了这个小玩意儿,[]
就是把废纸 压缩成块状用来燃烧,[]
但是它烧得很慢,[]
我们工程系的学生就拿来改良了一下 做了一点小改动之后 它的效率提高了3倍,[]
他们当时非常激动,[]
后来他们还把这些纸砖块带回麻省大学做测试,"[('麻省大学', 'nt', 9, 11)]"
结果却发现这些东西不能燃烧,[]
学生们都挺失望的,[]
如果你仔细看，在这儿， 你就会发现“美国和平队”字样,"[('美国', 'ns', 13, 14)]"
因为在那个村庄里根本没废纸,[]
或许这仪器用来处理政府文书倒是挺好的 让那个志愿者把政府文书带回到那个村子 不过政府机关离那个村子有足足800公里之遥,[]
所以我们就想琢磨个更好的办法 来制造炊事燃料的替代品,[]
我们希望这种新燃料 能就地取材,[]
海地到处都有小规模的制糖厂,"[('海地', 'ns', 0, 1)]"
这些厂的废料 也就是榨完甘蔗之后剩下的东西叫“甘蔗渣”,[]
这个没啥用，也没营养价值 当饲料都不够好,[]
人们就把成堆的甘蔗渣堆在制糖厂外，最后拿来烧掉,[]
而我们就想 变废为宝 把那些甘蔗渣做成人人都能方便使用的燃料 就像木炭一样,[]
接下来的几年时间里，我和我的学生就在开发合适的生产工艺,[]
首先我们把甘蔗渣放入一个窑炉 这种炉子很好做，拿一个废弃的55加仑容积的油桶就可以改装了,[]
然后我们点燃甘蔗渣，让它烧一小会儿以后就把炉封好 不要让空气进去 最后就制成了这种炭化材料,[]
但是，这个不好用，因为颗粒太细了,[]
用来烧饭的话一下就烧完了,[]
所以我们就设法把它压缩成块,[]
正好，我的一个学生是加纳人 记得他母亲给他做过一道菜叫“木薯糊” 就是用木薯的根烧成的很稠的粥,"[('加纳', 'ns', 7, 8)]"
于是我们就四下寻找 发现海地也种植木薯，只不过叫法不同,[]
其实世界上很多地方都有木薯 虽然名称各异，东西都是一样的 就是含淀粉的食用其块状根的植物,[]
你可以把它做成糊 再用这个糊把木炭块粘在一起,[]
我们就这么做了。 后来我们又去海地,"[('海地', 'ns', 10, 11)]"
这些研究生就是第一所 木炭学院的学生,[]
没错，所以我既是麻省理工的导师也是木碳学院的导师,"[('麻省理工', 'nt', 7, 9), ('木碳学院', 'nt', 13, 15)]"
这些就是我们做的炭砖,[]
现在我们到亚洲再来看看印度 这是印度最常见的炊事燃料——牛粪,"[('亚洲', 'ns', 3, 4), ('印度', 'ns', 7, 8), ('印度', 'ns', 10, 11)]"
这产生的油烟比海地的还厉害 你看，健康问题 就是因为燃烧牛粪或其他生物燃料造成的,"[('海地', 'ns', 5, 6)]"
儿童和妇女尤受影响 因为他们经常在厨房里转悠,[]
我们想看看是否能引进 之前的制炭技术,[]
可惜，印度没甘蔗 也没木薯，但这些都难不倒我们,"[('印度', 'ns', 2, 3)]"
我们还是就地取材,[]
用这里的麦秆和稻秆加工成燃料,[]
至于粘合剂 就用少量的牛粪 而原本这些牛粪都是直接做燃料的,[]
我们做了些对比试验，大家可以看到 炭砖和牛粪做对比,[]
很明显炭砖清洁得多,[]
而且烧水速度也快很多,[]
所以我们都很开心,[]
但是我们发现 和一般木炭比 炭砖不持久，一下就碎了 于是热量就分散开来，导致烧饭的时候很费力,[]
我们就想办法把炭砖做得更紧实 这样就能和海地市场上的木炭竞争了,"[('海地', 'ns', 15, 16)]"
我们回到麻省，找出英斯特朗电子强力测试仪 分析出用多少压缩力度 压缩出的炭砖 会有一个质的飞跃,"[('麻省', 'ns', 2, 3), ('英斯特朗', 'nr', 5, 6)]"
一方面我的学生们在实验室里研究 一方面海地的社区伙伴也同我们合作 努力改良炭砖，让人人都用得上,"[('海地', 'ns', 10, 11)]"
一段时间之后 我们发明了低成本制木炭法，新的产品 比一般木炭燃烧更持久也更清洁,[]
所以我们现在就有一个 比海地市场上的木炭更好的产品 这是一个很好的状况,"[('海地', 'ns', 7, 8)]"
仅海地一国，每年就有3000万棵树被砍伐,[]
这个产品如果能得到应用 能救很多树,[]
另外，这种新木炭每年能创收2.6亿美元,[]
这可是一大笔钱 海地人口800万 人均收入不足400美元,"[('海地', 'ns', 7, 8)]"
因此我们想在海地继续这个木炭项目,"[('海地', 'ns', 4, 5)]"
还有一件有意思的事情是 我有个朋友在伯克利大学是做风险研究的,"[('伯克利大学', 'nt', 12, 14)]"
他研究了对健康 木材和木炭分别会造成什么影响 他发现只要改用木炭作燃料,[]
在世界范围内就能有100万人可以幸免于难 这真是很棒 本来做木炭都是需要木材的,[]
但现在我们能 变农业废物为炊事燃料,[]
最让人激动的是 上个月我去加纳时了解到的一个信息,"[('加纳', 'ns', 11, 12)]"
这个不但非常酷 而且在技术层面上也比前面的那些更简单 如果你们能想象的到的话。就是这个。,[]
这是什么呢？这是把玉米棒做成木炭,[]
这个的好处就是你都不需要把炭压缩成块 因为玉米棒本来就是一块块的。 这就是我的100美元手提电脑项目了,[]
和尼克一样，我也带了样品给大家,"[('尼克', 'nr', 1, 2)]"
大家相互传一下,[]
很好用，经过测试，能立刻燃烧,[]
这项技术妙在 容易转让,[]
就甘蔗木炭而言 我们要培训当地人如何压缩木炭 还要多出一步制粘合剂 玉米棒木炭自己成型，不需经过压缩的步骤 而这是我一生中最让我激动的事了 也是我一个小小的遗憾的注脚,[]
但是一旦你见过，就像第一排的人 恩，对，反正,[]
我觉得这是最能 体现罗伯特.怀特说的非零和事物,"[('罗伯特', 'nr', 7, 8), ('怀特', 'nr', 9, 10)]"
这不光有利健康 有利环境,[]
更难得的是 还有经济效益,[]
人们用废农作物就可以烧饭,[]
还能赚钱,[]
他们能省下原本买木炭的钱 自己生产销售 卖给别人,[]
难得的是，这不会造成 健康与经济发展，或环境与经济不可兼得的窘境,[]
所以这个项目最振奋人心了 我期望看到它未来的发展前景,[]
讲到未来 我觉得有必要 清晰地认识我们所处的这个世界,[]
我不是指我们自己生活的这个小世界,[]
而是另一个世界。在那里，妇女每天花2-3个小时 碾谷才能养活家人,[]
在那里，所谓的高级建材 其实就是人工造的水泥屋顶板 在那里，就算你一天做10小时 一个月也才赚60美元,[]
在那里，妇女和儿童成天做的就是打水，一年400亿小时,[]
工时相当加州所有劳动力的集合 整年全职打水,"[('加州', 'ns', 2, 3)]"
如果这里是印度 那么在坐的只有三分之一的人有车,"[('印度', 'ns', 3, 4)]"
如果是阿富汗 在坐的只有一人知道怎么上网,"[('阿富汗', 'ns', 2, 3)]"
如果是赞比亚，你们中就有300个农民 100个人有艾滋病或感染艾滋病毒,"[('赞比亚', 'ns', 2, 3)]"
一半以上的人日收入不足1美元,[]
这些问题都摆在我们面前,[]
需要我们培训工程师 设计师，商人，企业家来解决,[]
这些才是需要尽快解决的问题,[]
有些问题我觉得特别重要,[]
一个就是寻找技术来推广小型金融和小型企业 那生活在贫困线以下的人就有了出路 而不是像现在这样 通过传统的编篮子、养家禽来谋生,[]
现在我们已经有了 能小规模运作的新技术和新产品,[]
另外，我们还需要为贫苦农民发明新技术 增加农作物价值,[]
我们还需要重新思考我们的发展策略 推广教育 不是让他们都不做农民 而是不做穷苦农民,[]
我们还要思考如何提高效率,[]
我们需要和社区合作 提供他们所需的资源和工具 来解决他们的问题。这是最好的方法,[]
我们不能只做外在的努力,[]
我们要创造未来，就要从现在开始,[]
谢谢,[]
（鼓掌） 主持人安德森：我们来看看有没有观众要提问的 与此同时你能不能再说说你做过的其他事情,"[('安德森', 'nr', 4, 5)]"
艾米.史密斯：现在我们在研究 低成本水质测试法 帮助社区维护水系统 使他们知道他们的系统什么时候有效，什么时候需要清洁处理等等,"[('艾米.史密斯', 'nr', 0, 1)]"
我们也在寻求低成本水治理系统,[]
比如利用太阳能消毒，这很棒的 但我们还需要提高它的效率,[]
主持人：有什么瓶颈问题会阻碍这项技术得到推广？,[]
是否需要企业家，风险资本帮助 或是其他帮助推广该技术？,[]
艾米.史密斯：要的，这需要很多人合作,"[('艾米.史密斯', 'nr', 0, 1)]"
这很难，因为这个市场很零散 消费群体又没什么收入,[]
所以美国的商业模式 不能助其发展,"[('美国', 'ns', 1, 2)]"
而且我们人手不足，就我一个光杆司令,[]
所以我和我的学生会尽我们所能,[]
我们有30个学生在这个领域研究 如何应用并推广这些技术,[]
另外，这些事是长期工程 不可能一蹴而就 这需要5-10年时间,[]
但是我相信只要有信心我们就能成功,[]
“共和”概念，正如美国哲学家杜威很久之前所观察到的， 通过辩论和讨论而成。,"[('美国', 'ns', 6, 7), ('杜威', 'nr', 8, 9)]"
如果我们质疑暴政的假想， 避免不经推敲的教条， 那么我们必须愿意把自己的假想 进行讨论辨伪。,[]
正是秉着这种精神我才来此参与讨论 这个我们时代的关键议题， 即如何调动各式各样的资本 为国家重建服务。,[]
首先明晰我们的假设， 资本主义经过150年的发展已被广为接受， 民主亦然。,[]
如果我们回看1945年的世界， 并且查看当时资本主义经济体系及民主政治版图， 它们只是少数，并非主流。,[]
然而目前的问题是， 选择何种资本主义体制 及何种民主参与机制。,[]
但我们必须承认 此刻要唤起 宝贵的共识达成一致。,[]
及提供基础 以促成一种行动， 因为每个时刻的共识 能让我们共同行动。,[]
而且这是必须的，不管 我们的共识如何脆弱或短暂， 共识能让我们前进。,[]
但是世界大部分地区 既没有从资本主义体系获利 也没有从民主体系里获利。,[]
全球大部分国家的经历 都是认为美国是压抑性的 作为一种 关注拒绝权利 否认正义的组织， 而不是提供权利和正义的机构。,"[('美国', 'ns', 8, 9)]"
从资本主义发展历程来看， 其全球经验 主要有两方面，,[]
首先是资源采掘,[]
血钻，宝石走私， 木材， 从穷国掠夺财富。,[]
其次是技术援助。,[]
技术援助和你想的不一样， 但它是当今最差劲的形式， 它表现出了发达国家对发展中国家,[]
想象一下上百亿美元 被一些人投入能力建设 他们每天最高得到1500美元， 却不能 创造性地 独立地思考。,[]
其次，当然我对 6月７日的事件 深表同情，还有９１１， 这些都提醒我们 我们不是生活在三个不同的世界，,[]
而是一个。,[]
简单点儿说,[]
我们并不是在和 我们所生活的世界的含义打交道。,[]
也就是说，如果我们想要拥有一个世界， 这个世界是不能建立在 先有巨大的排斥， 然后再对其中一些进行包容之上的。,[]
我们现在终于必须来思考一下 一个真正的全球型世界 的前提是什么， 与权力政权和 责任感和可靠性之间的关系 在全球维度内是怎样的。,[]
否则我们将会 丢失这个历史上的开放时刻， 一个我们在政治 和经济的形式 达成共识的时刻。,[]
这三个组织中该选哪一个呢？,[]
我们有3个很关键的术语： 经济， 公民社会 和国家。,[]
我并不涉及前两个，只能说 不加批判的对假设的转移 从一个语境到另一个语境之下， 只可能酿成灾难。,[]
经济学， 在最多的精英大学里都有课程 但这在我的语境中可以说是完全没有用的。,[]
我的国家 被毒品经济和黑手党所操控,[]
书本上的经济学并不能 在我的语境中发挥作用， 而且我几乎得不到任何建议。,[]
我们知识的贫穷 必将成为前进的 第一块基石。 而不是作用于数学模型基础上的 框架， 当然，我对此还是深怀敬意的。,[]
我的在约翰霍普金斯的同事是最好的。,"[('约翰霍普金斯', 'nr', 3, 4)]"
第二， 不要再无止境地去辩论 一个国家的结构是什么样的， 我们为什么不能将其简化， 而去讨论一个国家21世纪 必须具备的一系列功能是什么？,[]
克莱尔 洛克哈特和我正在就此写一本书 我们希望能彼此之间能够有更多的沟通与分享。 第三，我们实际上可以建立一个指数， 来测量 相比较之下，这些功能发挥得怎么样，是否令我们满意， 并且能推广到其他的地方。,"[('克莱尔 洛克哈特', 'nr', 0, 1)]"
那么这些功能是什么呢？,[]
我们来举10个例子。,[]
它们是：对暴力途径的合法化的垄断， 行政控制，公共财政管理 人力资金投资，民权保障 基础设施建设， 通过调控进行对国家有形与无形资产管理， 市场的创造， 国际合约 -- 包括公共借贷 -- 还有最重要的是，法律规范。,[]
我不会进一步阐述。,[]
我希望这些问题可以给予我一个机会。,[]
这是一个切实的目标， 因为与广泛的假设相反 我不认为我们知道该如何处理这件事。,[]
谁能想到德国 今天会变成联合或者民主的， 如果你从1943年的牛津的视角去看这个问题的话。,"[('德国', 'ns', 3, 4), ('牛津', 'ns', 17, 18)]"
但是牛津的人民为一个民主德国做好了准备， 并积极计划着。,"[('牛津', 'ns', 1, 2), ('民主德国', 'ns', 6, 7)]"
还有很多其他的例子。,[]
现在，为了做这件事， 我们必须重新思考资本的定义。,[]
最微不足道的一种资本形式是， 是财经资本 -- 金钱。,[]
金钱在众多发展中国家中不都不能算作是资本。,[]
它只是现金。,[]
因为它缺乏机制的， 组织的，管理的形式， 来将它转变为资本。,[]
而且它所需要的是 物理资本 与体制资本，人力资本的结合。 当然，安全性是至关重要的， 信息也是。,[]
现在，我们应该担忧的问题， 同时也是我希望给您们这群人 带来的挑战是 你们国家需要16年 来培养一个 有学士学历的人。,[]
20年来培养一个 有博士学位的人,[]
第一个挑战是要 从基本上进行重新思考 当代的问题。,[]
我们需要重复 我们所继承的方式吗？,[]
我们的教育系统是自19世纪传承而来的。,[]
为了从根本上重新投入到一个项目中， 什么是我们需要的呢， 在这个资本形成如此之快的当下？,[]
世界上的绝大多数人 都在20岁以下，而且他们正在变得 更多，成长得更快。,[]
他们需要不同的方式 不同的对待的方式。 不同的享有权利的方式。 不同的被训练的方式。,[]
这是首要的。,[]
第二，你们是问题的解决者， 但是你们没有尽到你们的全球性责任。,[]
你们已经远离了 腐败问题。,[]
你们只想看到干净的环境。,[]
但是你们没有彻底看透腐败的问题， 谁还能呢？,[]
你们避免为发展做规划。,[]
你们是伟大的设计师， 但是你们的设计是自私的。,[]
只是为了你们自己即时的用处。,[]
在我的世界，我与 那些道路、 堤坝、或者电力供应 的设计打交道， 这些设计已经有60年没有被重温了。,[]
这是不正确。需要我们来思考一下。,[]
更重要的是， 我们最需要的 是你们的想象力， 用想象力来解决问题 这是米姆本应产生作用的方式。,"[('米姆', 'nr', 21, 22)]"
而就范式的作用来说，在很久以前， 托马斯-坤的工作， 他的工作是 概念的内部分工中， 新的发展出现。,"[('托马斯', 'nr', 11, 12), ('坤', 'nr', 13, 14)]"
我希望这个组织，通过这些方式 可以有能力处理关于政府和国家的问题 以及给予这个世界占大多数的穷人 以权力。,[]
谢谢。,[]
（鼓掌） 克里斯 安德森：“那么，Ashraf先生，直到最近， 你一直是阿富汗的财政部长， 这是一个处在世界事务 中心的国家。,"[('克里斯 安德森', 'nr', 3, 4), ('阿富汗', 'ns', 17, 18)]"
这个国家真的能够完成（你所说的那些）吗？,[]
民主可否繁荣？什么使你最为生畏？,[]
Ashraf Ghani:“最令我害怕的，是你们， 是缺乏你们的积极参与。”,[]
你问了我。你知道我总是给出一些非传统的答案。,[]
不。但是说真的， 阿富汗的问题 必须首先被视作 一个至少10到20年的视角。,"[('阿富汗', 'ns', 6, 7)]"
今天，全球化 在加速。,[]
时间已经被压缩了。,[]
空间对于大多数人来说也已不再存在。,[]
但是在我的世界里， 你要知道，当我23年之后回到阿富汗的时候， 空间已经扩大了。,"[('阿富汗', 'ns', 17, 18)]"
所有可感知的社会基础设施被毁坏了。,[]
我旅行着， 原本需要花3个小时往返的城市 现在需要12个小时。,[]
所以，首先，当度量标准变了， 我们必须要认识到 基础设施就是这么简单的一些东西， 而要传递基础设施需要6年的时间。,[]
在我们的世界，,[]
所有像这样有意义的东西。,[]
但是注意力的情态 或者说今天发生了什么，明天将发生什么。,[]
"第二， 当一个国家 已经从属于最广泛、残忍的权力施行形式之一的时候， 我们连续10年， 拥有红军， 110,000个强壮的人 真的很吓人",[]
天空： 每一个阿富汗人 将天空视为恐惧的来源。,[]
我们几乎已经快被轰炸 给灭绝了。,[]
然后，成千上万的人被训练程恐怖分子， 什么方面的都有。,"[('程', 'nr', 7, 8)]"
美国，英国加入了 诸如埃及情报服务的组织 来训练成千上万的人 来抵御和城市恐怖主义。,"[('美国', 'ns', 0, 1), ('英国', 'ns', 2, 3), ('埃及', 'ns', 6, 7)]"
如何把一辆自行车 变成一种恐怖行动的工具。,[]
如何将一头驴子，一辆马车，任何东西，。,[]
俄罗斯人也是一样。,[]
所以，当暴力在一个国家， 比如阿富汗， 是因为有那样一种传统。,"[('阿富汗', 'ns', 10, 11)]"
但是我们必须明白 我们已经非常幸运了。,[]
我的意思是，我真的无法相信我有多么幸运能来到这里， 站在你们面前讲话。,[]
当我成为财政部长的时候， 我以为我能活过3年的概率 不超过5%。,[]
危险是存在的，但是也是值得的。,[]
我认为我可以做到， 而且我如此认为的原因， 就在于人民。,[]
你知道，因为，我给你们一个数据好了。,[]
在阿富汗91%的男人， 86%的女人， 每天都会听至少3个收音频道来,"[('阿富汗', 'ns', 1, 2)]"
讲述这个世界的 复杂性。 我敢说， 他们 比美国的拥有大学文凭的人， 和大把的欧洲人都要深刻。 因为这些跟他们息息相关。,"[('美国', 'ns', 12, 13)]"
而他们的最主要的担忧是什么呢？,[]
遗弃。,[]
阿富汗人已经深深地成为了国际主义者了。,"[('阿富汗', 'ns', 0, 1)]"
你知道，当我在2001年12月份回国的时候， 我一点都不想与阿富汗政府合作。 因为我是一个国家主义者。,"[('阿富汗政府', 'nt', 18, 20)]"
我告诉他们 - 我的人民，和美国人在这 - 是分开的,[]
是的，我在联合国有着顾问的职位。,"[('联合国', 'nt', 4, 5)]"
我快速地穿越了10个阿富汗的省份。,"[('阿富汗', 'ns', 7, 8)]"
每个人都告诉我，这是一个不同的世界。,[]
你知道，他们参与进来了。,[]
他们看见了国际的介入， 这对于这些普通人的未来是至关重要的。,[]
而普通的阿富汗人最为关心的是 克莱尔 洛克哈特在这里， 所以我讲讲述一段她 与一个阿富汗北部的未接受过教育的妇女的讨论。,"[('克莱尔 洛克哈特', 'nr', 8, 9), ('阿富汗', 'ns', 22, 23)]"
那个妇女说她不关心 她的饭桌上是否有食物。,[]
她关心的是未来是否有计划， 她的孩子们能否有个不一样的人生。,[]
这给予了我希望。,[]
CA：阿富汗 怎么能为那么多以毒品交易为生的人 提供 收入呢？,"[('阿富汗', 'ns', 2, 3)]"
AG：当然了。首先， 不要再花费几十亿美元 在毒品根除上了， 取而代之的是，把资金给几个安全公司， 他们将上千亿美元的资金 分给50个 全球最具开创性的公司， 让他们创造一百万个工作。,[]
根除毒品的关键在于工作。,[]
看，这有个鲜为人知的事实： 人均合法的年收入在1000美元以上的国家 不生产毒品。,[]
第二，纺织品。,[]
贸易是关键，而不是援助。,[]
美国和欧洲应该 给我们零关税。,"[('美国', 'ns', 0, 1), ('欧洲', 'ns', 2, 3)]"
纺织品行业极具移动性。,[]
如果你想让我们有能力与中国竞争并吸引投资， 我们可能可以很轻松地 凭借纺织品行业 吸引60亿美元， 如果零关税的话， 这也可以创造很多工作岗位。,"[('中国', 'ns', 8, 9)]"
棉花不能与鸦片相比， 但是T恤可以。,[]
而且我们需要知道，这是一个价值链。,[]
看，一个普通的阿富汗已经 对微贷款很厌烦了。,"[('阿富汗', 'ns', 6, 7)]"
这很重要， 对于那些从事微生产的人 最需要的的国际的切入口。,[]
他们不想要卖给仅针对外国人 的慈善义卖会， 而且要把同样的衬衫 一遍又一遍的绣。,[]
我们需要 与意大利的设计公司合作。,"[('意大利', 'ns', 3, 4)]"
是的，我们有全世界最好的缝纫师！,[]
为什么我们不能做与意大利北部做的东西一样的呢？,"[('意大利', 'ns', 5, 6)]"
凭着发行系统？,[]
所以我认为，经济上， 关键问题在于如何思考。,[]
我在这里要说援助没有用。,[]
你知道，援助系统坏了。,[]
它不具备只是 远见，和能力。,[]
我是全力支持慈善的；毕竟我提倡了很多。,[]
是的，准确的说，我试图 劝说这个世界来 给我的国家275亿。,[]
他们不想给我们金钱。,[]
CA：还是不起作用吗？,[]
AG：不。不是不起作用。,[]
只是，一美元的私人投资， 在我看来， 等于至少20美元的援助， 就它产生的动力来看。,[]
第二，1美元的援助可能变成10美分 或者20美分， 或者变成4美元，,[]
这取决于它以什么形式来的， 它附带的条件的级别是什么。,[]
你知道，援助系统起初是为了奖励 发达国家的企业家的， 而不是为贫困国家产生财富增长。,[]
这又是一个假设： 如同汽车座椅一样的假设， 我们从政府和门继承而来的。,[]
你也许会想美国政府 不认为美国的公司需要 在发展中国家设立分公司，提供建议， 但他们需要。,"[('美国政府', 'nt', 4, 6), ('美国', 'ns', 8, 9)]"
面对面援助 有一个历史的重量 这现在需要被重新检验。,[]
如果目标是建立能 可靠地照顾好他们自己的国家， 而我是公平地将提出这个建议的， 你知道，我对于我的对手非常严苛-- 援助必须在每一个国家， 在一定期限内停止。,[]
每一年， 国内收入的流动 和经济的刺激生长必须获得进步。,[]
除非那样的一种影响介入， 你们将不能够保持同一意见。,[]
我想从这里开始，休斯顿，我们有个问题。,"[('休斯顿', 'ns', 6, 7)]"
我们已经有二十年没有进展了 在人类太空飞行方面。事实上，我们退步了。,[]
我们非常有可能失去鼓励年轻人的能力， 让他们走出去，继续做这非常重要的事情 做我们人类已经做了的事情。,[]
那就是，我们已经本能地走出去 翻过困难之地，去往更加困难的地方， 之后发现，也许会令我们吃惊，这些就是我们生存下来的理由。,[]
我强烈的感觉到 这不太好，如果我们世代的后辈 只想着要一个更好 带录像的手机。,[]
他们要渴望探索，他们要渴望征服， 他们要渴望突破。他们需要这些。,[]
我们要鼓励他们，因为他们将来要领导我们 帮助我们生存。,[]
我特别担心，美国国家宇航局现在根据新的布什政府的原则所做的 --因为在未来十五年--哦 天呢，我错了。,"[('美国国家宇航局', 'nt', 4, 7), ('布什', 'nr', 11, 12)]"
在这里我们有非常明确的规定，不可以谈政治。,[]
我们所期待的是--  我们所期待的 是不止鼓励我们的孩子 但我们现行的政策甚至不允许 这个国家最有创造力的--波音航空公司和洛克希德导弹与航天公司的 航天工程师走出去，承担风险，尝试新装置。,"[('波音航空公司', 'nt', 32, 35), ('洛克希德', 'nt', 36, 37), ('与航天', 'nt', 38, 40)]"
我们将要回到月球--50年以后--,[]
我们正准备仔细地计划这件事情，学习任何新知识。,[]
我因此非常担心。但无论如何，那是-- 我今天想和你们分享的事情的基础，尽管如此 就回到了我们要鼓励人们 鼓励日后会成为我们伟大领导的人们。,[]
那是我在这里接下来15分钟的主题。,[]
我认为在你们小的时候就开始被鼓励： 从三岁的婴儿直到12，14岁的小孩。,[]
我们--最重要的事情是他们看到了什么。,[]
让我们迅速回览一下航空工业。,[]
曾有四年短暂的美好时期 那时发生了许多奇迹。,[]
那段时期开始于1908年，当怀特兄弟在巴黎飞行，每个人都说， “哦，嘿！我能做这个。”只有极少的人曾飞过 在1908年初。四年里，39个国家有了上百架飞机， 上千名飞行员。飞机通过自然选择被发明了出来。,"[('怀特', 'nr', 8, 9), ('巴黎', 'ns', 11, 12)]"
现在你可以说聪明的设计设计了我们今天的飞机， 但没有聪明的设计真正设计了那些早期的飞机。,[]
可能至少有3000种不同的尝试， 如果飞行器坠毁，飞行员身亡，就不再尝试此种飞行器。,[]
能够飞行和着陆的就是好的， 因为没有训练有素的飞行员 没有真正有好的飞行素质之人。,[]
所以我们，通过做一大堆尝试，几千次的尝试， 在那四年里，我们发明了 我们今天飞行所用的飞机。这就是为什么我们这么安全， 因为我们给了自己很多机会去发现什么是好的。,[]
在宇宙飞行领域，我们没有给自己一点儿机会。,[]
只尝试了两个想法 -- 美国尝试了两个，俄罗斯尝试了一个。,"[('美国', 'ns', 8, 9), ('俄罗斯', 'ns', 14, 15)]"
那么，在这段时期，谁被鼓舞了？,[]
《航空周刊》让我列一个表，列出我认为 这一百年的航空事业的推动者。,[]
我把他们写了出来，之后发现他们每一个人 在航天事业的奇妙复兴之时都是小孩子。,[]
那么，当我小的时候发生了什么-- 也是非常重大的事件。,[]
喷气式飞机时代开始了，导弹时代开始了。冯 布劳恩在那里 展示如何登上火星 -- 这些事早于人造地球卫星的制造。,"[('冯 布劳恩', 'nr', 11, 12)]"
那时火星是一个非常令人感兴趣的地方 比现在有趣得多。我们曾以为那里有动物存在， 我们知道那里有植物，有色彩变幻，不是吗？,[]
但是，你知道，美国国家宇航局搞砸了这事情，因为他们派遣了这些机器人 而他们只着陆在了沙漠里。,"[('美国国家宇航局', 'nt', 5, 8)]"
如果你看一看发生了什么 -- 这条小黑线和人们曾经飞行的速度一样快， 这条红线代表军队里速度最快的飞行员 蓝色代表商业飞机运输。,[]
你注意这里有一个大的跳跃。当我还是一个小孩时-- 我认为曾有些事给予我勇气 走出去，尝试其他人没勇气去做的事。,[]
那么，我小时候做了什么？,[]
我那时没有玩车，交女朋友，没有跳舞。 并且，那时我也没有吸毒。我做了些比赛用的飞机模型。,[]
越战时，我花了七年时间 为空军做飞机飞行测试。,[]
后来，我涉猎飞机制造，并从中的到甚多乐趣 那些飞机是人们可以在自家车库里制造的。,[]
这些里面有约有3000架正在飞行。当然，它们中的一架 是可以环游世界的航行者号。我在1982年建立了另一家公司， 就是我现在的公司。,[]
从1982年起，我们公司每年研发不只一种飞机，,[]
有许多飞机我无法在这张图上介绍给大家。,[]
最令人印象深刻的飞机，我相信，是那架 在第一架喷气式飞机制造出后，仅过了十二年就设计出的飞机。,[]
它一直在飞行，直到锈迹斑斑才不再服役。,[]
我们1998年的研发水平倒退至1956年。什么？,[]
史上最震撼人心的宇宙飞船，我相信， 是格鲁曼公司所做的登月艇。它是一艘--你知道，它在月球着陆， 从月球起飞，无需人员维护-- 那有点儿酷。,"[('格鲁曼公司', 'nt', 11, 13)]"
我们已经丧失了能力。我们在1972年放弃了它。,[]
这架飞船在前苏联宇航员加加林1961年首次宇宙飞行的三年后被设计出来。,"[('苏联', 'ns', 5, 6), ('加加林', 'nr', 7, 8)]"
三年，而我们现在做不到了。,[]
疯狂。简短地谈一下发明创造的周期，周期发展时 会衍生许多活动，当这些活动被其他活动取代，此周期就灭亡了。,[]
这样的周期每25年出现一次。,[]
持续40年的时间，有些周期相互交叠。你可以将此观点 放至不同的科技。这有趣的事情-- 顺便一提，这里的速度，不好意思，高速旅行 是这些发明创造周期的标题。这里没有一个。,[]
这两架飞机与1958年制造的DC8速度相同。,[]
这是件大事，那就是，你没有发明创造周期 如果政府研发并应用其研发成果。,[]
你知道，一个好的例子，当然就是DARPA网。,[]
电脑首先应用于炮兵部队，然后是美国国税局。,"[('美国国税局', 'nt', 9, 11)]"
但当我们得到它时，现在你拥有所有活动的级别， 所有由它而来的利益。私营部门不得不这么做。,[]
记住它。我提出发明创新-- 我期待看到宇宙空间的发明创新周期，但我什么也没发现。,[]
在最初的那一年，从加加林和 和几周后阿兰 谢巴德进入太空开始，世界上有五次人造 飞船航行；在最初的那一年。,"[('加加林和 和', 'nr', 8, 9), ('阿兰 谢巴德', 'nr', 12, 13)]"
2003年，美国的送入太空的每个人都牺牲了。,"[('美国', 'ns', 3, 4)]"
2003年只有三或四次飞行。,[]
2004年，只有两次飞行：两次俄罗斯联盟号飞船飞行 至国际空间站。而我不得不在莫哈维沙漠起飞三次 和我的两队人马一起 为了达到5次飞行的总数， 这是1961年的数字。,"[('俄罗斯', 'ns', 11, 12), ('莫哈维沙漠', 'ns', 24, 26)]"
没有进步。没有活动。什么也没有。,[]
这张照片取自一号太空飞船。,[]
这张照片取自轨道。,[]
我们的目标是拍下这些照片，这样大家就能看到它，真正地喜欢它。,[]
我们知道如何为亚轨道飞行拍照片，非常安全地做这件事-- 至少像早期的航线一样安全--所以可以做。,[]
我认为我想了点儿为什么我们有勇气 尝试飞到太空，我们是个小公司。,[]
那么，首先，接下来会发生什么？,[]
第一产业将会数量巨大，参与者众多。,[]
上周有另一个公司宣布它们可以。,[]
这次飞行将会是亚轨道。亚轨道的原因 是，没有保证充分安全的方法 可以带领大众飞至轨道。一些国家的政府正在这样做-- 有三个政府已经这么做了45年， 仍然有百分之四十的人命丧太空。,[]
那是--你不想经营一项有这种安全记录的事业。,[]
它的量会变得很大；我们认为到2020年将会有100000人进行太空飞行。,[]
我不能告诉你太空旅行何时开始， 因为我不想我的竞争者知道我的计划。,[]
但我认为一旦开始，我们将会找到解决方案。 并且很快，你将在轨道上看到旅游旅店。,[]
去月球上绕一圈是非常容易做到的事情， 因为你能看到非常酷的景象。那确实会很酷。,[]
因为月球没有大气层环绕-- 如果你愿意，你可以绕误差在10英尺的椭圆形轨道飞行。,[]
噢，那会非常有趣。,[]
好。批评我的人说，“嘿，鲁坦，只是花着” 这些亿万富翁的钱，为其创造游览飞行。,"[('鲁坦', 'nr', 11, 12)]"
这是什么？这不是运输系统，它只是用于消遣。“,[]
我过去常常因此而困扰，后来我开始思考。 那么，等一下。我带来了我的第一台1978年的苹果电脑 我把它带来因为我可以说，“我在家里有一台电脑，而你没有。,[]
‘用它做什么？’过来。它能玩青蛙过街。”好吧。,[]
不是银行的电脑或洛克希德导弹与航天公司的电脑， 家用电脑是用于游戏的。,[]
对于整整一代来说，它是用于消遣--我们甚至不知道它是用于做什么的。,[]
但是发生了什么，我们有了这个巨大的产业， 巨大的发展，巨大的进步和能力等等， 他们被许多的家庭所知，我们的新发明变得成熟。,[]
而发明者就坐在观众席里。,[]
阿尔 戈尔发明了互联网，因此， 互联网--我们用了一整年--不好意思， 整整一代用其消遣，变成了每一件事情--我们的商业，我们的研究， 我们的交流而且，如果我们让谷歌的人 再想连个周末，我们能在此表上再加上许多条。 要不了多久，孩子们就不会相信,"[('阿尔 戈尔', 'nr', 0, 1), ('谷歌', 'ns', 47, 48)]"
我们的家里电脑曾经并不普及。,[]
所以乐趣是应该被保护的。,[]
好，我想展示给大家一张复杂的表， 里面是我对未来会发生什么的预言。,[]
里面也提出了另一个观点，就在这。,[]
有一群人已经前进-- 你不认识他们所有人--但那些已经前进的人 像3至15岁的年轻孩子一样被我们鼓励 他们将飞向轨道，飞向月亮， 就在这个时期。,[]
保罗 艾伦，艾伦 莫斯克，理查德 布兰森，杰夫 贝佐斯，安萨里家族， 他们现在资助俄罗斯的亚轨道航行， 鲍勃 比洛奇，一个私人空间站，和卡马克。,"[('保罗 艾伦', 'nr', 0, 1), ('艾伦 莫斯克', 'nr', 2, 3), ('理查德 布兰森', 'nr', 4, 5), ('杰夫 贝佐斯', 'nr', 6, 7), ('安萨里', 'nr', 8, 9), ('俄罗斯', 'ns', 14, 15), ('鲍勃 比洛奇', 'nr', 20, 21), ('卡马克', 'nr', 28, 29)]"
这些人把钱投入一个有趣的领域， 而我认为这笔把钱 花在买一个更好的手机或其他事情上要好得多--但他们把钱投入到非常[模糊的] 区域，而这将会引导我们获得这种能力， 这将会引导我们进入下一个真正大的事件 这会让我们探索。而我认为最终,[]
这会让我们能够得到地盘，使我们远离灭亡。,[]
他们被巨大的进程所鼓舞。但看看那之后的进程。,[]
这里有两个例子。,[]
军事战斗机有一架最高性能的空军飞机 是SR71.它走过了整个生命周期，直到锈迹斑斑才停滞飞行， 退出服役。协和式飞机使空军旅行速度翻倍。,[]
它飞过了整个生命周期，没有遇到任何竞争； 然后停飞。而我们就此卡住 拥有这样的军事战斗机 和商业航空旅行，我们回到了50年代末期。,[]
但现在出现了一些事情去鼓舞我们的孩子。,[]
我是说如果你现在有一个婴儿， 或你有一个10岁的孩子。,[]
外面正在发生一些非常有趣的事情。,[]
不就，你就能买张票 然后飞地比最高性能的军事作战飞机更高、更快。 这在之前从未发生过。,[]
事实是它们拥有着这种性能的飞行器却止步不前， 那么，你知道，你在12分钟之内赢得了这场战争， 为什么你需要更好的东西？,[]
但我认为当你们开始卖票，开始 亚轨道飞行，通往太空，很快--稍等， 这里发生了什么，我们将拥有军事战斗机 这些战斗机拥有沿亚轨道飞行的能力，我认为这很快就会发生。,[]
但有趣的是，商业飞行器现具有这种能力。,[]
好，我期待一场新的资本主义太空竞赛，让我们呼唤它。,[]
你们还记得60年代的太空竞赛是为了国家的声誉， 因为我们丢失了最初的两个里程碑。,[]
我们不是因为技术而丢失了它们。事实是我们有硬件 当我们让冯 布劳恩飞行时，我们能够把一些东西送上轨道， 你可以认为那不是科技的失败。,"[('冯 布劳恩', 'nr', 18, 19)]"
史波尼克人造卫星不是科技上的失败，但它有损声誉。,[]
美国--世界看到美国不是科技的主宰， 那时非常重要的事情。,"[('美国', 'ns', 0, 1), ('美国', 'ns', 5, 6)]"
然后我们在加加林之后几周让艾伦 谢巴德太空飞行， 不是在几个月或几十年之后，或不管多长时间。所以，我们有能力。,"[('加加林', 'ns', 3, 4), ('艾伦 谢巴德', 'nr', 8, 9)]"
但美国失败了，我们失败了。因为那，我们向前跳跃一大步以弥补它。,"[('美国', 'ns', 1, 2)]"
那么，再次，有趣的是我们已经输给了 俄国在前两次里程碑前。,"[('俄国', 'ns', 11, 12)]"
在美国，你不能买一张票飞去太空-- 不能这么做。你可以在俄国买到票。,"[('美国', 'ns', 1, 2), ('俄国', 'ns', 21, 22)]"
你乘坐俄国的飞行器飞行。这是可以的 因为苏联的太空计划缺乏资金。 一个座位可以得到两千万美金，对他们来说很不错。,"[('俄国', 'ns', 2, 3), ('苏联', 'ns', 12, 13)]"
它是商业的。它可被定义为空间旅行。他们也能提供 绕月旅行，像阿波罗八号飞船所做的。,[]
一亿美金--嘿，我能去月球。,[]
"但是，你知道，退回到60年代，你会想到这个吗, 那时太空竞赛正在继续， 第一个商业资本家似的事情，像是 买张票就可以去月球，这会是苏联的硬件设施吗？","[('苏联', 'ns', 41, 42)]"
那时你会想到吗，苏联人会想到吗， 当他们第一次乘坐他们开发的飞船去月球时， 里面的乘客不是俄国人？也许，会是日本的 或是美国的亿万富翁？好，有点儿奇怪，你知道，但确实如此。,"[('日本', 'ns', 35, 36), ('美国', 'ns', 38, 39)]"
但无论如何，我想我们需要再次打击他们。,[]
我认为我们要做的会让我们看到成功的，非常成功的 私人太空飞船行业。无论我们是否是第一个真的并不重要。,[]
苏联人实际上在飞协和式飞机前就飞过超音速飞机。,"[('苏联', 'ns', 0, 1)]"
他们飞过一些货物航班，然后退役。,[]
我想你们见到过相同的平行 当提供商业活动时。,[]
好，我们就谈论一点儿人类太空飞行的商业发展。,[]
这张小投影片说飞了五次 这是美国国家宇航局到2020年做的。我想要告诉你，已经 有大约十点五亿至十点七亿 投资用于私人太空飞行，这些投资完全不是来自政府； 而是来自全世界。如果你读到它--如果你搜索一下它， 你会发现一半的资金，但有两倍 正准备投入那里的资金--还没有花，但正准备投入 计划到未来几年。嘿，那数目非常大。,"[('美国国家宇航局', 'nt', 11, 14)]"
我正在预测，尽管，这个工业的收益会很客观 并且它确实是收益的，当你花200000美元让你的朋友乘飞船旅行时 事实上你可以只花费十分之一， 或更少--这收入会非常客观。,[]
我还预测，会注入此项事业的投资 将会有相当于美国税收的一半之多 这些投资会用于美国国家宇航局的人造宇宙飞船工作。,"[('美国', 'ns', 15, 16), ('美国国家宇航局', 'nt', 25, 28)]"
注入此项事业的每一美元都会被更有效地利用 大约相差10到15。这意味着在我们之前就知道， 人类太空飞行的进程，没有用纳税人的钱， 将会比现在美国国家宇航局的预算多五倍 该预算用于人类太空飞行。,"[('美国国家宇航局', 'nt', 45, 48)]"
那是因为是我们。它是私人的行业。,[]
你从不应该依赖政府去做这种事业-- 而且我们已经从事了很长时间。美国航空资讯委员会，在美国国家宇航局之前， 从未开发过客机，而且从未运营过航空线。,"[('美国航空资讯委员会', 'nt', 20, 24), ('美国国家宇航局', 'nt', 26, 29)]"
但美国国家宇航局正在开发太空货机，总是拥有 并且运营这唯一的太空航线，好吧。我们避开它 因为我们害怕它。但是从2004年六月开始， 当我展示在外太空的一个小组实际上能做到时， 我们能够从它开始，从现在起改变每一件事情。,"[('美国国家宇航局', 'nt', 1, 4)]"
好吧，非常感谢大家。,[]
正如投影上所显示的，我想说的是 汽车是艺术这样一种理念,[]
这实际上对我非常有意义 因为汽车设计师往往在艺术界地位有点低 我们不做咖啡桌书籍，那仅有一盏灯在里面 而且汽车总被认为是种产品 这样很难考虑到美学的一面 尤其是使用术语讨论艺术时,[]
但是汽车和艺术一样都存在于情感的层面，如果你们认同的话 所以你得用同样的视角看汽车，就像你看艺术,[]
现在你们会看到一幅米开朗琪罗的照片,"[('米开朗琪罗', 'nr', 6, 7)]"
这和汽车截然不同,[]
汽车就是自己会移动，对吧？那电梯也会自己动。,[]
它们都没有情感，它们用作某种用途 当然汽车已经有100年左右的历史了 而且在很多方面让我们的生活更好。 它们也一直带来问题 因为汽车是我们必须要解决的东西,[]
我们得解决污染的问题，解决交通阻塞的问题 但那不是我这次想说的,[]
我这次想说的是车子。汽车可能是你们所使用的， 但是汽车在很多方面就是我们自己,[]
只要我们能解决汽车带来的问题 我相信我们能够用燃料电池或氢实现，就像宝马所用的。 还有许多其他的解决办法，我觉得我们能看到问题后面的东西 并尝试理解为什么汽车和人之间存在纽带 以及这意味着什么，我们可以从中学到什么,[]
这就是我将要说的。车子不是一套衣服 车子是种化身，是你的延伸 车子”说出“你的思想，你的灵感，你的感情—并且将其放大—— 甚至你的愤怒，不管怎样，它是种化身。,[]
它是个超级沃尔多，而你恰巧坐在里面。如果你感到性感， 这车子就很性感。如果你一开车就大发雷霆， 你就会选一辆”雪弗莱：就像摇滚“，对吧？,[]
你知道吗？汽车也是雕像。,[]
每一辆你看到的车子都是手工雕刻的。,[]
许多人认为，“嗯，那是电脑做的， 是由机器那类的东西完成的。”,[]
的确，它们能复制这个过程，但设计最初的车子是手工做的，,[]
是那些对自己的工作有很强信念的男人女人完成的。,[]
他们把相同的迫切感投入到汽车的塑造中， 就像在做一件能放进博物馆的伟大的雕塑。,[]
在急切的表达和急切的探索中的迫切感 然后你加入一点新东西 同时你又受到制造工艺的制约,[]
规章中写着，你该如何处理车子的表面 这就是设计的核心部分，这就是你如何显示自己是大师的地方。,[]
那种迫切感，探索，创新的动力， 同时还有对于工艺的责任感 这些在汽车和其他任何东西一样强烈,[]
我们仍用黏土工作，这并没有改变太多 自从米开朗基罗开始使用黏土塑造形象。 而且也有非常有趣的相同。,"[('米开朗基罗', 'nr', 13, 14)]"
就说一句——米开朗基罗说过他在“探寻土中的人物”，对吧？,"[('米开朗基罗', 'nr', 6, 7)]"
那就是，汽车,[]
那是100年前，你知道吗？,[]
从刚才那个到这个，汽车变了很多，不是吗？,[]
当然这不是销售，这里有个很有趣的汽车的概念 但我在这儿并不想谈论有关市场学的部分,[]
我想说的是这个,[]
为什么你要自己洗车？那是什么，感官上的刺激？ 你得去触碰它？这就是内在的雕塑性，那感官上的刺激,[]
我们就是这样制造汽车的。,[]
现在这小段话引自亨利.摩尔有关雕塑的话 我相信摩尔所谈论的那个“其中的压力” 至少是提到汽车的时候 和这个重要的概念完全一致,"[('亨利.摩尔', 'nr', 6, 7), ('摩尔', 'nr', 13, 14)]"
那是求生的愿望，生存的需要，表达的欲望 融入在汽车中，使我这样的人着迷。,[]
我们告诉其他人，“做这个，做那个，做那个“， 直到这东西诞生,[]
我们完全陷入其中。美丽是这种 沉浸其中的结果，这实在太美妙了,[]
这个雕塑，当然，是整个的核心， 正是它将手工变为汽车,[]
而且它不是完全不同，真的，当他们这样工作， 或当有人这样工作。,[]
这是相同的信奉，相同的美丽。,[]
现在我要谈重点了：汽车是种艺术。,[]
艺术，在柏拉图派眼中，是真理，美丽和爱。,"[('柏拉图', 'nr', 3, 4)]"
这也是汽车设计师和工程师分歧最大的地方,[]
我们关于爱没有分歧,[]
我们关于真理或美丽的问题没有分歧,[]
这都是我们所寻找的—— 当我们工作时，我们的确试图找出真理,[]
我们不要空虚的美丽,[]
我们在试着寻找真理中的美丽,[]
然而工程师总用”牛顿“的眼光看事情 而不是这种量子论的方法,"[('牛顿', 'nr', 5, 6)]"
我们在对付不理性 我们在应对的确存在的矛盾 工程师看东西更像······ 2加2等于4，如果你得到4.0，那更好，4.0000就更更好,[]
这样有时就会带来分歧 比如“我们为什么要像现在这么做”,[]
我们坦然接受这个现实 我们是宝马公司中的女人 宝马是个非常男性化的企业，——男人，男人，男人，都·是工程师,"[('宝马公司', 'nt', 7, 9)]"
而我们就是女性的一面。这很好。 这很酷，你走出去像个男人，我们则想更像女人,[]
因为我们对寻找功能外的形式有兴趣,[]
我们对寻找悦目外的美有兴趣 这是真的,[]
而且我认为将这一想法的灵魂深植在伟大汽车的内心 是非常适当的。你们都知道，当你看到一辆车的时候， 你能从从灵魂上知道它有多强,[]
嗯，这种爱的经历，设计的经历对于我来说 是可互相交换的。现在我想说说我自己的故事。,[]
在一个叫深蓝的项目中，我重新发现了爱和设计。,[]
首先，你们要和我一起，说， 你能将爱这个词从我们社会中的许多事物中拿出， 换上设计这个词，完全没问题， 就像这句话，它还是对的，是不是？,[]
你能明白它们，这话像是老生常谈,[]
”在设计和战争中，一切都是公平的。“,[]
的确我们生活在一个高度竞争的社会,[]
我认为这首流行歌曲 很好的为我描述了飞利浦.斯塔克，就像你知道的， 这就像是初恋，很酷，对吧？,"[('飞利浦.斯塔克', 'nr', 12, 13)]"
牙刷，酷。,[]
只有当你这样看东西的时候才会变的严肃，是吧？,[]
这是我相信的一个代入法 我们所有在做设计管理的人，都很内疚。,[]
这个理念：有很多需要去爱， 很多需要设计，当它应用于你的邻居身上，其他人身上， 它会像这么现实，在未来它可能会这样,[]
但现在这只与我们的团队有关， 我们在创新的团队。开始我的故事。,[]
与人合作就是我们在这里工作的理念 当我们创造宝马时，我得和我的设计师产生纽带,[]
我们得亲密无间，分享想法 这意味着我们得像一家人一样 我们得这样看这个团队,[]
我们有好日子，有趣的日子 当然也有紧张的日子,[]
你想做汽车，你就得到外面去,[]
你得在雨中做，在雪中做。,[]
那个，顺便说一下，是我们要向董事会做的展示,[]
我们把他们搬到了室外。你想知道室外的车子吗?,[]
那你就得站在外面。,[]
因为这些人是艺术家，他们有艺术家的性情,[]
好，现在另一件有关艺术的事情是:艺术是探索 艺术就是在你的艺术作品中探索你自己，不是吗？,[]
对于车子，我们都有点像皮革玛丽翁 我们彻底的爱上自己的作品,"[('玛丽', 'nr', 8, 9)]"
这是我最喜爱的画作之一，它充满描绘了我们和车子的关系,[]
这是难以置信的病态,[]
但因为这个，我们作为团队工作的亲密度 达到出新的高度，新的意义,[]
我们有共同的中心，共同的重点 车子在我们关系的中心,[]
我的工作就是，在竞争的过程中，缩小范围。,[]
我今天听到约瑟夫的死亡基因 会进入细胞并阻止细胞再生,"[('约瑟夫', 'nr', 3, 4)]"
你知道，这也是我有时必须要做的,[]
我们开始做10辆车，减少到5辆， 到3辆，到2辆，再到1辆 基本上，我就是在那杀戮的核心。,[]
别人的爱人，别人的孩子,[]
这很困难，你得和你的团队有这样的纽带 他们才会同意你这样做，因为他们的生命也在其中,[]
他们体内也有这样的基因 他们想要那个活下去，胜过其他一切,[]
而这个深蓝计划，让我和我的团队紧紧地联系在一起 以一种我从未想过的方式，现在我要将这个告诉你们， 因为我希望你们能仔细想想这个，比如你自己的人际关系,[]
我们想制作一辆车子，展示宝马理念的全面飞跃。,[]
我们组成了一个团队，沿袭我们之前的合作方式 我只有一个电话号码可以联系他们,[]
因此，我们所做的截然不同于单单拥有一群艺术家 我们决定要解放一个由有创新意识的设计师和工程师组成的团队 来探索美国SUV现象后会是什么引导潮流,"[('美国', 'ns', 31, 32)]"
这是我们1996年做的项目，我们起了这样的名字 深蓝，现在很多人从IBM那里知道它。 事实上我们是从他们那里”偷“来的，因为我们认为 如果任何一个人阅读我们的传真文件，会认为我们在谈论电脑。,[]
其实这个名字很聪明，因为深蓝这个名字 在像宝马这样的一家公司，很有吸引力——深蓝，哇，多酷的名字,[]
因此人们参与其中。我组织了一个设计师团队， 将他们派到美国。我们给他们一个预算方案， 在我们看来是一系列目标 和时间表，没有别的了。,"[('美国', 'ns', 16, 17)]"
正如我所提过的，我仅有一个电话号码能联系倒他们,[]
我们还有一组工程师在德国工作 我想让他们分开工作 在什么会是SUV的”继承者“的问题上,"[('德国', 'ns', 6, 7)]"
他们会聚在一起，分享想法。然后分开工作， 再聚在一起，然后一起生产 形成一个巨大的多元观念的合集，并不抹灭其他人的观点 但同时聚在一起解决问题,[]
希望能从心底了解客户 客户在哪里，和他们住在美国。因此，将这个团队派出 事实上我没有预料到的事情发生了。他们去了其他地方,"[('美国', 'ns', 14, 15)]"
他们消失了，坦白的说，我收到的只是明信片,[]
现在，我收到一些在拉斯维加斯的家伙寄来的明信片 有一些在大峡谷的家伙寄来的 还有这些尼亚拉加大瀑布的卡片 不一会儿他们就在纽约，我不知道他们还去了什么地方,"[('拉斯维加斯', 'ns', 6, 7), ('尼亚拉加', 'ns', 23, 24), ('纽约', 'ns', 33, 34)]"
而我告诉自己，”会有一辆特别棒的车的， 他们正在做我从来没有想过的研究。“,[]
他们决定这样而不是租个工作室 6，7间公寓 在马里布租伊丽莎白泰勒住过的房子要便宜得多,"[('马里布', 'ns', 15, 16), ('伊丽莎白泰勒', 'nr', 17, 18)]"
至少他们告诉我那是她的房子 我猜它曾经是，泰勒在那开过派对什么的,"[('泰勒', 'nr', 15, 16)]"
不管怎样说，这就是他们一起住的房子,[]
这是24小时的居住，12个人，其中有人离开了他们的—— 一些离开了妻子，离开了家庭 他们确实住在这个房子里 整整六个月在美国的进行项目的时候 不过头三个月是最辛苦的,"[('美国', 'ns', 39, 40)]"
另外这项目中的一个女子 她非常古怪，竟然把房间建在浴室,[]
这个浴室非常大，她把床放在浴缸上 这太有趣了,[]
但是，我一点都不知道这些,[]
一点都不。这些事在发生，而我收到的都是明信片 那些在拉斯维加斯的家伙，或无论谁 说，”不要担心克里斯，这个项目一定会很棒。“,"[('拉斯维加斯', 'ns', 18, 19), ('克里斯', 'ns', 30, 31)]"
我对一个设计室的观念恐怕—— 我不想继续说这些家伙们在哪里,[]
然而，在慕尼黑工程师们呢 已经开始解决这类”牛顿“问题 他们想知道多少杯子固定座 能够在大头针定摇晃，而你知道的， 这些严肃问题是正是现代消费者所面对的。,"[('慕尼黑', 'ns', 3, 4), ('牛顿', 'nr', 12, 13)]"
有人希望这两支队伍能够走到一起 这种非凡创造力的结合 在这中难以置信的情况下 和这些惊人的迫切的工程师 会创造出难以置信的解决方案,[]
而我不知道的是，我们发现的是什么—— 这些家伙，他们在这种情况下甚至不愿彼此说话。,[]
想想你有”牛顿化”和“量子”思想的分歧 在你们的对话中有如此深，远的分歧 他们无法达成一致,"[('牛顿', 'nr', 4, 5)]"
因此我们三个月后在蒂伯龙召开了第一次 就在这上面的一条路——你知道蒂伯龙吗？,"[('蒂伯龙', 'nr', 7, 8), ('蒂伯龙', 'nr', 23, 24)]"
观念是这头三个月的独立研究 他们会全部展示给戈恰耳博士 他现在是我的老板，那个时候他是我们这个项目的共同辅导者 因此他们会展示研究结果给他看,"[('戈恰耳', 'nr', 15, 16)]"
我们会看看进展到哪儿了 看看第一个迹象可能在哪儿 这能沿袭美国SUV现象的,"[('美国', 'ns', 17, 18)]"
因此在脑海中我有这些点子，那将会很棒。,[]
我指，我能看到这么多工作，那真令人激动。 我知道拉斯维加斯可能指很多东西 而我实在不知道大峡谷又指什么 但不知怎么的这些聚在了一起 我会看到一些很棒的产品,"[('拉斯维加斯', 'ns', 18, 19)]"
因此我们在三个月后去了蒂伯龙 这个团队上星期前就聚到一起了 提前了好多天,"[('蒂伯龙', 'nr', 9, 10)]"
工程师们飞到其他地方，设计师们就跟着他们 他们把展示的东西放在一起,[]
哦，看上去工程师什么都没有干,[]
而他们什么都没做是因为 就像在汽车业种一样，工程师总是在那里解决问题 而我们要求他们创造问题,[]
工程师们在等待设计师说， “这是我们创造的问题，现在帮我们解决一下。”,[]
但设计师们没机会这么说。因此事情就成了这样 工程师出场什么都没有,[]
工程师告诉设计师 “如果你们展示你们所有的东西，我们就离开， 我们会立即从这项目中退出。”,[]
但我对这些毫无了解 而我们的展示有个日程，像这样,[]
一堆的对话,[]
我们听了4个小时的词汇介绍 那些工程师和设计师用来沟通的词汇,[]
在这儿我期待在任何时候，“哦好的，他们要翻页了， 我就要看到汽车了，我就要看到草图了 我可能能看到进展的程度了,[]
会话一直在进行，描述着词汇，而很快 越来越明显的是不是被他们的才华弄得惊异不已， 而是我对他们的胡说八道感到很困惑,[]
你可以想象到这是怎样的 这几个月的明信片暗示这团队工作的有多棒 他们在外花了所有的钱，而且他们在学习， 他们一直在做这个东西,[]
我被骗了，不是吗？我快疯了,[]
你也许可以想起蒂伯龙，它过去是这样的,"[('蒂伯龙', 'nr', 4, 5)]"
听了四个小时的胡说八道后，我站了起来，把这个团队拆开,[]
我对他们叫嚣着，责骂道，”你们究竟在做什么？“,[]
你们让我太失望了，你们可是我的设计师啊 你们应该是创新的 究竟这儿发生了什么？”,[]
这可能是我一个较好的长篇大论，我还有些好的 但这可能是比较好的。我走向那些人； 他们怎么可以拿宝马的钱， 他们怎么可以度3个月的假而什么都不做，什么都没有？,[]
当然因为他们不告诉我们他们有三个旅行车 有很多手绘，模型概念，图画——我想要的一切。 他们锁住了车子，因为他们想显示和工程师们的团结—— 而他们决定不给我看任何东西 为了提供一个解决问题的机会 当然，他们没有意识到 他们不能创造问题,[]
因此我们去吃饭了—— 大笑 我得告诉你，这是一次严肃安静的午餐。,[]
工程师们都坐在桌子的一端 设计师门和我坐在桌子的另一端，非常安静,[]
我非常生气，暴怒，你们知道吗？,[]
可能因为他们玩的很爽而我没有。,[]
这就是你暴怒的原因，对吧？,[]
而有人问我关于我妻子凯瑟琳的事 她和我一起飞去其他地方或其他吗？,"[('凯瑟琳', 'nr', 8, 9)]"
我说，“不，”而这引发了对我妻子的一连串的思考,[]
我回忆起当我和凯瑟琳结婚的时候 牧师讲了一次很好的布道，他说了一些十分重要的事情。,"[('凯瑟琳', 'nr', 6, 7)]"
他说，“爱情不是自私的，” “爱情不是计算我说过多少次我爱你“ 不是指你这个月做爱多少次 不是不及上个月做爱次数的一半， 就意味着你不那么爱我了,[]
爱情不是自私的”当我想到这些的时候，我想， “是啊，我没有展现我的爱刚才。我很严肃地不是在展现我的爱。,[]
我在空气中，我在没有信任的空气中。,[]
这不可能。我期待大量的草图这不可能 是我用定量的方法来判定一个团队,[]
这不可能。”,[]
于是我告诉他们这个故事，我说“嗨，我正在想， 这是不对的。我和你们的关系 不能建立在一个可量化的前提上。,[]
建立在一个命令的前提，”我是老板，你做我吩咐的，没有信任。“ 我说“不能这样。”,[]
事实上，我们都哭了，坦白说 因为他们仍然不能告诉我他们积累了多少挫折， 不能给我看我想要的， 并且只能要求我去信任他们。,[]
那一天我们亲近了很多 我们减去了许多不需要的羁绊， 我们形成了真正的团队和创造力的概念,[]
我们把车子放回我们思想的中心，然后加入爱， 我想，真正回到了那个过程的中心。,[]
另外，这个团队继续创造6个不同的概念 为下次提案的模型 就是美国SUV后的下一代,"[('美国', 'ns', 18, 19)]"
其中一个就是交叉跑车的概念 看看楼下，这交叉跑车——他们很享受制造过程,[]
"这是我们摩托车的衍生， 这个GS,正如卡尔.马格努森所说，“暴力美学，” 理念就是摩托车会变成什么样子，如果你再加两个轮子。","[('卡尔.马格努森', 'nr', 11, 12)]"
最后，我想告诉你们的经验是 这个。我也想从《小王子》中”偷“一点引言,[]
关于信任和爱情有很多要说的， 果你知道这两个词是设计的同义词。,[]
我和我的团队那天形成了非常有意思的纽带 从那时开始一直到现在,[]
我希望你们也能够发现更多的东西需要设计， 更多设计的艺术，而不是自己做。,[]
的确信任和爱让一切更有价值,[]
非常感谢,[]
休息的时候，有几个人过来问我 对老龄化问题怎么看,[]
我的唯一看法是,[]
我认为 乐观主义者比悲观主义者活得久得多,[]
在这18分钟里我将告诉你们的是 我们是如何做到 从最初的阅读遗传编码 发展到我们自己开始编写遗传编码,[]
仅仅十年之前的这个月 我们发表了第一个 来自自由活动生命体的基因序列 即流感嗜血杆菌的序列,[]
由此我们将基因组项目完成的时间 从13年降到4个月,[]
现在，同样的基因组项目 只需要 2到8个小时,[]
因此过去十年，我们完成了大量的基因组测序 大部分的人类病原体 几种植物 多种昆虫和哺乳动物 包括人类基因组,[]
约在十年前 我们对基因组学发展的设想是 到今年年底的时候 我们或许能完成3到5个基因组的测序 而事实上已经完成了数百个,[]
我们刚刚从戈登-贝蒂·摩尔基金会获得一笔资助 作为环境有机体项目的副项目,"[('戈登-贝蒂·摩尔基金会', 'nt', 3, 5)]"
我们将在今年完成130个基因组的测序 阅读遗传编码的速率已然改变,[]
但我们看到，未来的路还很长 我们仅仅探索了这个星球 表面上浅浅的一层,[]
大多数人没有意识到这些肉眼看不到的生物 微生物构成了地球约一半的生物量 而所有的动物加起来 也才占地球生物量的千分之一,[]
跑到海边喝上一口海水 或许不是牛津人 经常做的事 但请记住每一毫升的海水里 有大约一百万个的细菌 其中的病毒更是以千万计,"[('牛津', 'ns', 11, 12)]"
两年前只有不到五千种的微生物 被鉴定归类 于是我们决定做些这方面的事情,[]
我们启动了巫师二号考察 和其他大型的海洋考察活动一样 我们尝试每200英里采一次样,[]
考察伊始，我们在百慕大进行了测试项目 然后前往哈利法克斯 接着到美国东海岸 加勒比海、巴拿马运河 穿过加拉帕哥斯群岛，然后横跨太平洋 现在我们正在 穿越印度洋的过程中,"[('百慕大', 'ns', 5, 6), ('哈利法克斯', 'ns', 12, 13), ('美国', 'ns', 15, 16), ('加勒比海', 'ns', 18, 19), ('巴拿马运河', 'ns', 20, 22), ('加拉帕哥斯群岛', 'ns', 23, 25), ('太平洋', 'ns', 28, 29), ('印度洋', 'ns', 33, 34)]"
工作很艰难，我们乘着一艘帆船 某种程度上我们想通过它 激起年轻人投身科学的兴趣,[]
实验其实非常简单,[]
采集海水，过滤 用不同的过滤器采集不同大小的生物 然后把它们的DNA带回罗克韦尔的实验室 在那里我们可以每24小时 测完一亿字符的遗传编码,"[('罗克韦尔', 'ns', 20, 21)]"
通过这些 我们已经有了一些惊人的发现,[]
比如我们眼睛里的视色素 之前认为自然界中只有一到两种生物 拥有和我们一样的视色素,[]
但后来发现 在温暖海区的 上层海水中 几乎每个物种都拥有这类光受体 并利用阳光作为能量来源 和交流工具,[]
仅仅一个采集点，从一桶水中 我们就能发现1300万个新基因 相当于5万个新种,[]
借助来自斯隆基金会的资助 我们已经将研究扩展到空气中,"[('斯隆基金会', 'nt', 2, 4)]"
我们正在测算，在我们每天呼吸的空气中 特别是在飞机 和礼堂等封闭环境中,[]
我们通过一些简单的仪器进行过滤 在纽约市某栋建筑的顶上 仅用一天我们就过滤出数十亿计的微生物 目前,"[('纽约市', 'ns', 9, 10)]"
我们正在对它们进行测序 单纯从数据搜集方面 仅仅在加拉帕戈斯群岛 我们就发现几乎每200英里 我们都能从采集的样品中 看到巨大的多样性 不同的温度梯度,"[('加拉帕戈斯群岛', 'ns', 14, 16)]"
或许可以部分解释这种多样性 这是一张基于温度的卫星图片 红色表示温暖区域 蓝色表示冷的区域 我们发现，在温暖海水中获得样品 与冷海水中的样品 在物种的丰富程度上具有极大的差异,[]
另一个让我们感到惊奇的事情是 这些光受体能探测到不同波长的光 而我们能通过它们的氨基酸序列来推测这一过程,[]
不同区域之间，它们也差别巨大,[]
或许不是很让人惊奇 在几乎是幽蓝的深海里 光受体倾向于“看”到蓝光,[]
而当周围存在大量叶绿素的时候 它们则“看”到许多绿光,[]
在向较极端的 红外和紫外波段移动时 光受体的差别可能更大 为了对我们采集的所有基因 进行评估 我们汇总了所有数据 包括到目前为止考察所得的所有数据 代表了地球上超过一半的基因数据 总共约2900万个基因,[]
我们把这些基因放入基因家族中 试图回答： 我们是发现了已知基因家族中的新成员 还是发现了新的基因家族？,[]
结果表明我们找到了大约5万个 主要的基因家族 但我们从环境中获得的每个新样品 都只是对这些新基因家族的线性补充,[]
因此我们正处在发现地球生命 及其组成部分 和基因基础的最初阶段,[]
我们来看下所谓的进化树 我们人类就在右上角，和动物们在一起,[]
在动物界约2900万个基因中 我们的基因组 才仅仅拥有24000个基因,[]
如果把所有的动物算在一起 我们与之分享着不到30000 可能在1.2万或再多数千 的不同的基因家族,[]
现在我不仅仅将这些基因视为 进化的设计组件,[]
而且我们要从“基因中心观点”—— 或许要追溯到理查德·道金斯的理论—— 而非“基因组中心观点”来思考 它们对这些基因组件的构造方式是不同的,"[('理查德·道金斯', 'nr', 15, 16)]"
合成DNA，即人工合成DNA的能力 在过去的十年或二十年里 与DNA测序的能力 在某种程度上是同步发展的 而且都变得越来越快速和廉价,[]
有关合成基因组的想法 是在1995年我们对第二个基因组 即生殖道支原体测序的时候想到的,[]
我们还制作了相当不错的T恤 写着，“我爱惜我的生殖器”,[]
这其实只不过是个微小的生物,[]
却拥有近500个基因,[]
嗜血杆菌拥有1800个基因,[]
我们提出疑问 如果某物种需要800个基因，另一种需要500个 是否能用一套更小的基因 组成一个微小的可运作生命系统,[]
于是我们开始做转座子的突变发生 转座子是随机插入遗传编码之中,[]
的短的DNA片段 如果转座子插入到基因中间，就会扰乱基因的功能,[]
因此我们找出 所有能够接受转座子插入的基因 并为这些“非必需基因”制作了“地图”,[]
但结果我们发现环境对此的影响非常关键 我们只能根据 环境中确实存在的条件 来定义必需和非必需基因 我们还试图做一个更直观的研究 对13个有亲缘关系的生物 我们试图比较它们的基因组，看它们是否有相同之处,[]
于是我们得到了这些重叠的圆圈，我们发现只有173个基因 在这所有13种生物中是相同的,[]
如果忽略掉一个细胞内寄生物的话 这个基因库还能扩展一点 当我们审视核心的一组 约310个基因时,[]
基因库扩大更多 因此我们认为可以从最少500个基因 扩展或缩小 ——取决你怎么看这个问题—— 到约300到400个基因 证明这些理论的唯一方法 是以这些基因人工构建一个染色体 而且我们必须用基于表达框的方式来达到这一目的,[]
我们发现大片段精确合成DNA 是非常非常困难的,[]
我的同事汉姆·史密斯和克莱德·哈钦森 发明了一个让人振奋的新方法 能让我们在短短两周时间内 合成一个拥有5000个碱基对的病毒 而且在基因序列和生物学特性上,"[('汉姆·史密斯', 'nr', 3, 4), ('克莱德·哈钦森', 'nr', 5, 6)]"
都百分百精确 那是个相当让人兴奋的实验：我们仅仅把合成的DNA片段 注进细菌中，突然之间 DNA就开始引导病毒颗粒的合成 而病毒反过来杀死了细菌,[]
这并非第一个合成的病毒 一年前已有某种脊髓灰质炎病毒被制造了出来 但这却是唯一达到百分之一活性的病毒 耗时三年才合成成功,[]
这是Phi X-174结构的一个动画,[]
这是软件为自己构建硬件的活例子 也为我们的生物学提供了新想法,[]
有人立即开始担心生物武器的威胁 不久前我也在参议院委员会 和另一个由美国政府成立 旨在评价这一领域的特殊委员会上作证,"[('美国政府', 'nt', 17, 19)]"
我认为最重要的是将事实牢记在心 而非人们对事情发生的想象,[]
基本上，任何现在已经被测序的病毒 其基因组都可以被合成,[]
人们立马被埃博拉病毒或天花病毒之类等吓坏了 但从这些生物体中提取的DNA并不具有感染力,[]
因此即使有人制成了天花病毒基因组 其DNA本身并不会引发感染,[]
安全部门真正需要担心的是 “设计者病毒”,[]
只有两个国家，美国和前苏联 曾经花大力气 致力于生物武器的研制,"[('美国', 'ns', 5, 6), ('苏联', 'ns', 8, 9)]"
如果这些研究真的已经终止 那么在未来 人为制造出设计者病毒的几率微乎其微,[]
我想两年内制造出单细胞生物是可能的,[]
而真核细胞 我们自己拥有的这种细胞 也可能在十年内制造出来,[]
我们可以区分开进入这个人工基因组的 不同表达框和不同基因 使得我们能构建数十种不同的结构,[]
关键是，如何把所有其他的放进来？,[]
我们从这些片段开始 然后通过一个同源重组系统 将其组合到染色体中,[]
这来自一种名为耐辐射奇异球菌的生物 能在三百万拉德的辐射剂量下保持活力,"[('拉德', 'nr', 14, 15)]"
在暴露辐射约12到24小时 其染色体几乎完全破碎的情况下 它还能将自身的染色体重新组装起来,[]
这种生物在地球上几乎无处不在 甚至由于人类的活动 它们还可能在外太空活动,[]
这是玻璃烧杯 在约50万拉德辐射下的情形,"[('拉德', 'nr', 8, 9)]"
玻璃开始燃烧，爆裂 而位于底部的微生物 则似乎越来越开心,[]
这是实际的情形 上面是经过170万拉德辐射 之后的染色体,[]
几乎已经支离破碎,[]
下面是24小时之后 同样的DNA自动重组的结果 这些生物能做到的真是叹为观止。 如果不是数以万计的话 也许我们还能找到数以千计 的物种也同样能够做到,[]
这些基因组合成之后 第一步就是将它们 移植到另一个没有基因组的细胞中,[]
因此我们认为合成细胞将具有巨大的前景 不仅仅在生物学基础的理解上 而且很可能帮我们应对环境和社会问题,[]
例如，从我们测序的第三种生物 詹氏甲烷球菌，生活在相当于水沸点的高温中 以氢作为能量来源 并依靠捕获环境中的二氧化碳为自己提供所需的碳,[]
由此可知，通过大量不同的途径 数以千计的生物 能够捕获,[]
并依赖二氧化碳生存 因此我们可以通过 捕获大气中的碳 制造生物高聚物 或其他产品 来替代从石油中 工业合成的碳制品,[]
有种依赖一氧化碳的生物 我们利用其还原能力 使水分子破裂，制造出氢和氧,[]
同样，还有许多途径 能够用来转化甲烷,[]
杜邦公司和挪威石油公司有一大型项目 就是把挪威油气田中的甲烷 转化为有用的产品,"[('杜邦公司', 'nt', 0, 2), ('挪威石油公司', 'nt', 3, 6), ('挪威', 'ns', 12, 13)]"
我突然想到，将有一个新的领域 “组合基因组学”很快就要诞生 因为有了这些新的合成方法 有了这么庞大的基因序列 和同源重组 我们可以设计出一个 能够每天生产近百万个染色体的机器人,[]
因此，所有的生物学特征 都能通过屏幕来选择 无论是制造氢 化学合成，或者仅仅是生存能力,[]
理解这些基因的功能 将变得触手可及,[]
我们正尝试改进光合作用 以直接在阳光下制造出氢,[]
光合作用受氧调节 而我们使用的对氧不敏感的氢化酶 将完全改变这一过程,[]
我们还整合了多种纤维素酶 这些酶可以把复杂的糖类分解为简单的糖类 并在同一个细胞内发酵 产生酒精,[]
在一些大型的实验室里 已经开始利用微生物 进行药品生产,[]
环境中化合物的化学 比我们最好的化学家制造出来的化合物,[]
还要复杂很多 也许未来的工程物种将成为 我们的食物来源 能量来源 环境补救手段 甚至 取代石化行业,[]
最后让我以道德和政策上的研究结束吧,[]
我们推迟了1999年开始的实验 直到对是否应该尝试制造人工物种这一问题进行了一年半的生物伦理学讨论后,[]
实验才继续进行 每个主要宗教都参与其中,[]
真是一项奇怪的研究 因为许多宗教领袖都以他们的教义、经文作为法律 而且不能从中找出禁止制造生命的条文 所以这应该没什么问题 最根本的担忧来自生物武器方面 但只有开始进行这些实验之后 我们才能找出从事这一切的原因,[]
目前斯隆基金会已经资助了 一个相关的多机构参与的研究 以确定这些实验给社会带来的风险和益处 同时也为像我们这样的科学团队 在这一领域开展研究制定规则 在前进的同时我们也努力成为一个良好的榜样,"[('斯隆基金会', 'nt', 1, 3)]"
有许多复杂的议题,[]
除了生物恐怖主义 它们其实都很简单： 我们能否设计出生产清洁能源的工具 通过各种不同的简单步骤 或能彻底改变 发展中国家的能源生产模式,[]
非常感谢,[]
语音信箱 我的老朋友♪,[]
我又打了技术支持电话♪,[]
我没听老板的警告 在周一早上打的♪,[]
现在已是晚上 我的食物先变凉 -- 继而发霉♪,[]
我仍被搁置 我正聆听着寂静之声♪,[]
我觉得你不明白 我认为你们的电话线无人值守♪,[]
我敲打了每个提示的按键♪ 但我还是被晾了18小时♪,[]
你们的软件不但宕了我的Mac♪ 还一直挂起和破坏 -- 擦除了我的ROM! 现在那Mac♪,[]
发出了寂静之声♪,[]
我在梦中幻想♪ 对你们实施报复♪,[]
咒你摩托出了车祸♪,[]
血流成河 你颤抖着♪,[]
拨了911 祈祷叫到专业医师 但却叫到了我♪,[]
于是你只听到寂静之声♪,[]
"谢谢 晚上好 欢迎来到 -- “见证曾是百老汇伴奏的TED演讲者""",[]
当我在六年前得到纽约时报专栏的工作时 有人这样对我说: 你会拿到最酷 最热门 最华丽的新玩意儿,"[('纽约', 'ns', 7, 8)]"
每周都会被送到你家,[]
你要试用它们 把玩它们 评估它们 玩厌了再把它们送回去 你还可以拿到工资 好好想想吧,[]
我一直都是个技术控 这工作太棒了,[]
然而这工作有个小缺点 那就是 我的email地址会出现在每个专栏底部,[]
对此我的体会是 -- 首先 你会收到无数email,[]
如果你感到孤单 就去找份纽约时报专栏的工作 因为你会收到成百 上千 上万的email。如今我收到最多的email,"[('纽约', 'ns', 8, 9)]"
是有关挫折的,[]
人们感到 -- 唔 我的屏幕上刚弹出一个通知 好在你们看不到,[]
人们感到在被淹没 他们觉得有太多技术 更新太快,[]
有时候技术是好的 但我觉得在支持体系上还做得不够,[]
没有足够的帮助 没有足够的精力被用于,[]
设计易用和人们乐于使用的产品,[]
"有一次我写了篇专栏 记录了我呼叫戴尔技术支持的经历 不到12小时 纽约时报的网站上就出现了 超过700条读者留言。有人说 ""我也是!""","[('戴尔', 'nr', 12, 13), ('纽约', 'ns', 21, 22)]"
"""这是我的伤心往事""。我称之为软件焦虑",[]
老实说 懂得在这种挫折上动脑筋 从而赚钱的人会 -- 哦 那东东怎么出来了? 开玩笑的,[]
那为何这问题越来越严重? 一方面的原因是,[]
很讽刺的 因为行业花了大把精力 为了使产品更易于使用,[]
我来举个例子,[]
这是以前计算机界面的样子 DOS,[]
随着时间推移它变得更易于使用,[]
这是原始的Mac操作系统,[]
里根还是总统 麦当娜还是黑头发,"[('里根', 'nr', 0, 1), ('麦当娜', 'nr', 3, 4)]"
整个操作系统 -- 这就是好的地方 -- 整个操作系统只有211k,[]
Mac OS X的logo都不止211k!,[]
讽刺就在于 当这些东西变得更易于使用 更非技术 更广泛的受众就开始了与其的 第一次亲密接触,[]
我曾有幸在苹果的呼叫中心坐了一天,[]
接线员给了我一个旁听的耳麦,[]
"那些通话 -- 你知道他们是怎么说的 ""为保证服务质量，您的通话可能会被录音""",[]
唔唔 您的通话可能会被录音 于是他们就能够收集最好玩的小白用户故事 刻成CD分发,[]
他们真的做了,[]
我有份拷贝,[]
就在你的礼物包里。不不,[]
里面有你的声音,[]
有些故事堪称经典 然而也非常容易理解,[]
一位女性向苹果抱怨说,[]
她的鼠标在吱吱叫 -- 发出嘎吱嘎吱的响声,[]
"技术人员问 ""女士, 您的鼠标在吱吱叫是什么意思?""",[]
"她说 ""我只知道 我让它在屏幕上动得越快它就叫得越响""",[]
"技术人员又问 ""女士, 您把鼠标贴在屏幕上动?""",[]
"她说 ""提示里讲, '点此处继续.'""  如果你们喜欢那个故事...还剩多少时间?",[]
另一个男人的真实故事! 他的电脑宕机了 他告诉技术人员 他无法重启电脑 不管他输入多少次11,[]
"技术人员说 ""啥? 您为啥要输入11?"" 他说,",[]
"""提示里讲, '错误输入11.'""  因此我们必须承认我们无法指责用户",[]
但是为何技术超载危机 复杂度危机 正在加速呢? 在硬件行业中,[]
因为我们消费者希望东西更小 更小 更小,[]
因此那些小玩意儿也变得越来越小 但我们的手指还是原来大小,[]
因此行业正不断面临挑战,[]
软件行业则面临另一个问题 强制发布越来越多的版本,[]
如果你买了个花瓶 或是块糖 你可以拥有它. 但如果是软件,[]
"则更像是加入俱乐部 每年缴纳会费 于是每年 他们都会说 ""我们加入了更多功能, 只卖$99.""",[]
我认识有人多年来单在Photoshop上就花了$4000,[]
软件公司将它们收益的35% 用于这些软件升级,[]
我称之为 软件升级佯谬 -- 当你增强一个软件足够多次 你最终会毁了它,[]
我是说 Microsoft Word仅仅是一个文字处理器的时代 还要追溯到艾森豪威尔,[]
但替代方案在哪? 微软实际做过这个实验. 他们说,"[('微软', 'nt', 6, 7)]"
"""等等. 每个人都抱怨说我们加入了太多特性",[]
"让我们做一个单纯的文字处理器 简单, 纯粹, 不编辑网页, 不是数据库.""",[]
于是就有了 Microsoft Write,[]
你们中没人知道它 因为它已死,[]
它被打入冷宫 没人买过它,[]
我称之为 运动器械原则. 人们喜欢将自己包围在,[]
非必须的能力中,[]
"他们不需要数据库和网站 但是他们会想 ""好, 我要升级, 因为我或许有一天会需要它!""",[]
问题是 当你加入更多特性 它们会在哪儿?,[]
你会把它们放在哪里? 你有那么多设计工具,[]
你可以做出按钮 滑块 弹出菜单 子菜单,[]
但如果你不仔细选择的话 就会变成这样,[]
这是张未加修饰的 -- 不是笑话 -- 未加修饰的Microsoft Word的照片 你们都有的版本 打开了所有的工具条,[]
显然你们从未打开过所有工具条 你们用于输入的就只是这~么小个窗口,[]
我们已进入了界面矩阵时代 有那么多特性和选项 你不得不做出2维的 垂直的和水平的. 你们都抱怨过 为什么Microsoft Word总是自动为列表加项目符号 为链接加下划线,[]
关闭选项就在某处,[]
我说真的 就在某处,[]
设计一个简单界面的艺术 部分在于 知道何时使用何种特性,[]
这是Windows 2000的注销对话框,[]
只有4个选项 但为何是在弹出菜单里?,[]
屏幕上剩下的地方并非满是其他组件 使得你需要折叠选项,[]
他们其实可以把选项放到外面,[]
这是苹果的同一个对话框,[]
谢谢 -- 是我设计了这个对话框. 不不不,[]
我们已经看到苹果和微软 对于软件设计有着相当不同的方法,"[('微软', 'nt', 5, 6)]"
微软达到简单的方法是 拆分 采用更多的步骤,"[('微软', 'nt', 0, 1)]"
于是这些向导变得到处都是,[]
你们知道 新版本的Windows今年秋天推出,[]
如果他们继续这么做 没人知道 他们会做成什么样,[]
"欢迎来到 输入一个单词 向导. 好吧 让我们点""下一步""继续",[]
"从下拉菜单中, 选择您要输入的第一个字母. 恩",[]
因此我们做事要有限度 但答案在哪?,[]
如何才能将所有这些特性以简单 智能的方式包装起来?,[]
"我信仰 ""保持一致"" ""真实对等"" ""使用回收站"" ""使用标注""",[]
"但我请求在场的设计师们 打破这些规则 如果它们抵触了最大一条规则 那就是""智能"". 什么意思呢?",[]
我会举一些例子 说明智能让某些事物 失去一致 但却更好,[]
比如你在网上购物 你需要输入你的地址 以及你所在的国家 好了,[]
世界上有200多个国家. 我们常说互联网是地球村,[]
对不起 它还不是,[]
主要是美国 欧洲和日本,"[('美国', 'ns', 2, 3), ('欧洲', 'ns', 3, 4), ('日本', 'ns', 5, 6)]"
"但为何美国在""U""字部?","[('美国', 'ns', 2, 3)]"
你得要滚动7个屏才能找到它,[]
"虽然把美国放在第一位会不一致 但这显得智能. 另一个老故事 看在上帝的份上 为何关闭一台Windows PC时 要点""开始""按钮?","[('美国', 'ns', 2, 3)]"
另一个我经常说的故事: 你有一台打印机,[]
大多数时候 你只想打印文档的一份拷贝 按照页码顺序排列,[]
看在上帝的份上 为何每次打印时你都会看到这个?,[]
看上去就像747的驾驶舱,[]
"看这里底部的按钮 还不是""打印""",[]
我不是说苹果是唯一一家 将简单视为信条的公司,[]
Palm也是 尤其是在过去 精于此道,"[('Palm', 'nr', 0, 1)]"
我曾在90年代Palm鼎盛时去作过演讲 结束后 我遇到一位员工,"[('Palm', 'nt', 5, 6)]"
"他说 ""很精彩"" 我说 ""谢谢, 你是做什么的?""",[]
"他说 ""我是点击计数员""",[]
"我说 ""你是啥?"" 他说 ""我们的CEO Jeff Hawkins说 任何在Palm Pilot上的任务如果需要超过3次点击 那就太长了, 需要重新设计.' 所以我是点击计数员.""","[('Jeff', 'nr', 14, 15), ('Hawkins', 'nr', 15, 16)]"
我来举个例子 如果一个公司没有 点击计数员,[]
这是Microsoft Word. 当你需要创建一个新文档 -- 这是能做到的!,[]
"你到""文件""菜单里选择""新建""",[]
"选了""新建""后会发生什么? 你得到新文档了么?",[]
没有,[]
在显示器的另一端 出现了一个任务栏 在这些链接之中 -- 不是在顶部 顺带一提 -- 有一个按钮会创建新文档,[]
这就是不计算点击数的公司,[]
你们知道 我不想只是站在这里取笑微软,"[('微软', 'nt', 10, 11)]"
听众: 继续 David Pogue: 当然,"[('Pogue', 'nt', 4, 5)]"
比尔盖茨之歌!,"[('比尔盖茨', 'nr', 0, 1)]"
我一直是个geek 我写了第一个DOS♪,[]
我把我的软件和IBM绑在一起♪ 我拿利润 他们拿亏损♪,[]
我的代码让全世界运转♪,[]
我向每个人收专利费♪,[]
有时代码是垃圾 但媒体都已被忽悠♪,[]
你买硬件 我卖代码♪,[]
每个软件公司都在做微软的研发♪,"[('微软', 'nt', 7, 8)]"
这年头你无法独享好点子♪,[]
连Window也是个hack 松散地基于Mac♪,[]
因为它又大又慢 你没有其他选择 我不是为了受赞扬而工作♪,[]
我的代码适用于今天的世界♪,[]
各方面都平庸♪,[]
我们已进入行星统治模式♪,[]
你没有选择 只能买我的代码♪,[]
我是比尔盖茨 我写了代码♪,"[('比尔盖茨', 'nr', 2, 3)]"
但事实上 我相信有两个微软,"[('微软', 'nt', 8, 9)]"
旧的一个 要为Windows和Office负责,[]
他们渴望将旧东西扔掉 从头再来,[]
但他们不能. 他们被锁住了 因为那么多插件 和其他公司的东西都被锁在了1982年的底盘里,[]
但也有一家新的微软 做着好而简单的界面设计,"[('微软', 'nt', 7, 8)]"
我喜欢Media Center PC. 我喜欢微软的SPOT手表,"[('微软', 'nt', 8, 9)]"
这种无线手表可悲地在市场中受挫 但这不是因为它的设计简单和美观,[]
这样说吧 你会买个手表 每个月付$10 每晚都要跟你的手机一样充电 当你离开你的区域代码时就会罢工么?,[]
迹象表明复杂度危机只会变得更糟,[]
还有希望吗? 屏幕正变得更小,[]
人们正在启蒙 把手册放进盒子里 新事物出现得越来越快,[]
"有意思的是 -- 当史蒂夫乔布斯1997年回到苹果 是在离开了12年之后 在MacWorld展会上 他站到台上 穿着那套黑色圆领毛衣和牛仔裤 他做了这个动作. 人群沸腾了 但我在想 我在哪里见过这个? 我刚看过电影""贝隆夫人"" --  -- 麦当娜主演. 你知道 我得为史蒂夫乔布斯唱上一曲","[('史蒂夫乔布斯', 'nr', 5, 6), ('贝隆', 'nr', 60, 61), ('麦当娜', 'nr', 64, 65), ('史蒂夫乔布斯', 'nr', 72, 73)]"
这不会简单. 你会认为我奇怪♪,[]
当我尝试解释为何我回来了♪ 在告诉媒体苹果的未来一片黑暗之后♪,[]
你不会相信我♪,[]
你所看到的只是个在车库发家的小屁孩♪ 和一个叫Woz的兄弟一起♪,[]
"你试试跟""车库""押韵!",[]
别为我哭泣 库比蒂诺♪,"[('库比蒂诺', 'nr', 4, 5)]"
我从未离开你们♪,[]
我知道了内情 找到了诀窍♪,[]
我在皮克斯发了财♪,"[('皮克斯', 'ns', 2, 3)]"
别为我哭泣 库比蒂诺. 我仍有动力和远景♪,"[('库比蒂诺', 'nr', 4, 5)]"
我仍不管季节穿拖鞋. 只不过眼下♪ 它们是古资牌的♪,[]
谢谢. 史蒂夫乔布斯一直都信仰简单,"[('史蒂夫乔布斯', 'nr', 2, 3)]"
优雅 与美. 事实上 我一直有些沮丧 因为美国人明显不识货 因为Mac只有3%市场份额 而Windows有95% 人们不认同它的价值,"[('美国', 'ns', 10, 11)]"
因此我有些沮丧. 后来我听了阿尔戈尔的演讲 我意识到 我还不明白沮丧的含义,"[('阿尔戈尔', 'nr', 9, 10)]"
后来证明我错了 因为iPod上市了,[]
它打破了所有常识,[]
其他的产品更便宜 其他的产品有更多特性 有录音和FM调频,[]
其他产品有微软的开放标准支持 而不是苹果的私有标准,"[('微软', 'nt', 3, 4)]"
但是iPod赢了! 这是人们想要的,[]
教训是: 至简畅销,[]
有迹象表明整个行业正在接受这个信息,[]
有家小公司在简单和优雅方面做得非常好,[]
Sonos -- 它正在赶上,[]
我这里有些例子. 近期出现的真正酷,[]
和优雅的点子 当你有台数码相机 你会如何将照片放回电脑中?,[]
要么是把USB线拖来拖去 要么是买个读卡器搬来搬去 不管怎样你都有损失. 而我要做的是,[]
把记忆卡拿出来 对折 露出USB头,[]
插进电脑 卸下照片 再放回相机里,[]
我没有任何损失,[]
这是另一个例子. Chris 你是所有力量的源泉,[]
能当下我的电源插座么?,[]
Chris Anderson: 哦好 DP: 拿好不要放手. 你可能见过这个:,[]
这是苹果的新笔记本. 这是电源线. 这样把它钩上,[]
我肯定你们每个人 或是你们的孩子,[]
都做过这样的事. 你在走路,[]
我要把它拉到地上 没关系 这是借来的,[]
开始了 喔! 这是磁性的 不会把笔记本拉到地上,[]
最后的例子 -- 我的很多工作 都是通过语音识别软件完成的 你们要安静些 因为这软件很怕生,[]
使用语音识别软件可以快速处理email 句号,[]
比如 我每天要处理上百封邮件 句号,[]
这并不只是单纯的我说它写 句号,[]
我还会使用一项称为语音宏的特性 句号,[]
"修正 ""dissuade"". ""not just""",[]
好吧 这不是个理想的环境 因为大厅里有回声,[]
要点是 我可以快速回复邮件 只需说一个很短的单词 它就会写下,[]
"很长一段. 如果有人发给我一封粉丝信 我会说 ""谢谢""",[]
"相反的 如果有人给我发攻击信 -- 我每天都会收到 -- 我会说 ""滚蛋""",[]
这就是我的小秘密 别告诉其他人,[]
要点是 这是个真正有趣的故事,[]
这是软件的第8个版本 你知道他们在第8个版本里放了什么吗?,[]
没有新特性 这在软件史上从未发生过!,[]
他们没有加入新特性 他们只是说,[]
"“我们要让软件工作正确."" 是的",[]
"因为多年来人们买了这套软件 尝试使用 -- 发现只能达到95%的准确率 也就是20个单词里就有1个错的 于是人们把它收进抽屉 让那公司很郁闷 于是他们说 ""这个版本, 除了让它变得非常正确以外",[]
"我们不会做任何事.""",[]
于是他们做到了. 这种把事做正确的信仰也在开始传播,[]
我的最终建议 对于你们中那些消费者: 记住 如果产品不工作 那不一定是你的错,[]
可能是设计上的问题,[]
在生活中留意好的和不好的设计,[]
如果你是创造东西的人 要做到简单很难,[]
让你的受众预热细节. 计算点击数,[]
记住 难的不是决定加入什么特性 -- 而是决定拿掉什么,[]
最好你的动机是: 至简畅销,[]
CA: 赞 DP: 谢谢,[]
CA: 非常同意,[]
库尔特安德森：跟很多建筑师一样，大卫很想成为关注的焦点， 但是他又太沉默--至少是假装这样吧-- 以至他要求我向他提问而不是自己讲述。,"[('库尔特安德森', 'nr', 0, 1), ('大卫', 'nr', 7, 8)]"
实际上，我们今天要讨论的这个话题， 在我看来通过谈话的方式 比演讲的方式讲述也许更好。,[]
我们先来看一段新闻短片。,[]
丹拉瑟: 从911世贸中心被袭击之后， 很多人都涌进纽约市区 那个16英亩的墓地来凭吊死者。,"[('丹拉瑟', 'nr', 0, 1), ('911世贸中心', 'nt', 3, 6), ('纽约', 'ns', 14, 15)]"
现在，正如哥伦比亚广播公司的记者吉姆艾克斯罗德报道的，那些工人正在为一条新的通道做最后的装修。 这条新通道是专门供人参观现场的。,"[('哥伦比亚广播公司', 'nt', 4, 7), ('吉姆艾克斯罗德', 'nr', 9, 10)]"
吉姆艾克斯罗德： 除了帝国大厦和自由女神像之外，,"[('吉姆艾克斯罗德', 'nr', 0, 1)]"
在纽约又有了个新地方 它是现在人群最拥挤的地方——世贸废墟中心。,"[('纽约', 'ns', 1, 2)]"
游客： 我把我的继女从印第安纳波利斯带到这里了。,"[('印第安纳波利斯', 'ns', 8, 9)]"
在纽约市众多的旅游景点中， 这是她的首选。,"[('纽约市', 'ns', 1, 2)]"
吉姆：现在成千上万的人正在下百脑汇街排队。,"[('吉姆', 'nr', 0, 1), ('百脑汇街', 'ns', 8, 9)]"
游客： 自那事故以来，我一直想来这里看看。,[]
吉姆： 即使在最寒冷的冬天。,"[('吉姆', 'nr', 0, 1)]"
为了悼念和铭记。,[]
游客： 它是真实发生的，就发生在我们身上，就发生在这里。,[]
这是我们共同的苦难。,[]
吉姆： 事实上，人太多了，以至来这里凭吊已经 存在一些小问题。,"[('吉姆', 'nr', 0, 1)]"
游客： 我想人们都很沮丧， 因为他们不能靠得更近看看到底是怎样的情况。,[]
吉姆： 但是这个将会得到改变。,"[('吉姆', 'nr', 0, 1)]"
以创纪录的速度， 一支由建筑师和建筑工人组成的队伍 设计并建造了一个观景台来缓解这种沮丧-- 可以让人们走的更近了。,[]
某男子： 人们将会看到一个难以置信的场景。 我想人们可以更加深刻的感受到， 世贸中心倒塌后的整体面貌。,[]
吉姆： 如果你稍微想想，你会发现世贸废墟中心并不像 美国其他绝大多数的旅游景点。,"[('吉姆', 'nr', 0, 1), ('废墟中心', 'nt', 11, 13), ('美国', 'ns', 16, 17)]"
不像大峡谷和华盛顿山， 人们来到这里只是为了来看已经消失的东西。,"[('华盛顿', 'ns', 4, 5)]"
大卫洛克威尔：人们看到这个的时候，第一个感受会是， 这个不像是个建筑工地， 而是一个难以置信的移动墓地。,"[('大卫洛克威尔', 'nr', 0, 1)]"
吉姆： 那些墙被设计成光秃秃的。这样人们可以在上面写上 他们自己的悼词，就像他们已经在 周围写的那样。,"[('吉姆', 'nr', 0, 1)]"
游客： 这些悼词深深触动了我们的心扉。,[]
吉姆： 那些斜坡是用简单的材料搭建而成的-- 就是你在建筑工地可以看到的那种夹板-- 这个就是真正的重点。,"[('吉姆', 'nr', 0, 1)]"
在面对美国所遭受的最严重的破坏的同时， 人们又开始重建。,"[('美国', 'ns', 2, 3)]"
吉姆·阿克吉姆艾克斯罗德，哥伦比亚广播公司，在纽约报道。,"[('哥伦比亚广播公司', 'nt', 2, 5), ('纽约', 'ns', 7, 8)]"
库尔特： 这个观景台并不是一个明显注重感官享受的建筑， 但是大卫，众所周知--我知道你讨厌这个词-- 你是一个娱乐场所建筑师。,"[('库尔特', 'nr', 0, 1), ('大卫', 'nr', 17, 18)]"
你的作品都是很注重感官享受， 甚至是追求享乐主义的。,[]
大卫： 我喜欢这个词。,"[('大卫', 'nr', 0, 1)]"
库尔特： 好吧。 你的作品都是关于享受的--像赌场，酒店和餐厅。,"[('库尔特', 'nr', 0, 1)]"
对于我们--尤其是我们纽约人 911所带来的震惊 是怎么促使你改变从而渴望去做这样一件事情的呢？,"[('纽约', 'ns', 7, 8)]"
大卫： 其实真实的原因是这样的。 911之后， 我去感受我自己原本真实的角色-- 首先我住在特里贝卡， 我的街坊邻居都被毁坏了， 而且我还在离世贸中心不到一英里的地方上班-- 在我的公司里，我曾经要求100个人和我一起工作， 一起怀着同样的热情 去创造我们一直以来创造的那些建筑。,"[('大卫', 'nr', 0, 1), ('特里贝卡', 'ns', 27, 28)]"
事实上，我们将要完成一本可以称之为“享乐”的书， 内容是关于空间的感官享受。,[]
但是我想告诉你--这本书变得不可能完成。,[]
我们几乎都瘫痪了。,[]
就在911后的礼拜五-- 也就是事情发生两天之后-- 我发现自己基本上不能激励任何人去做任何事了。,[]
我们只好给员工放了几天假。,[]
再跟其他的一些建筑师讨论这个问题的时候， 我们发现人们在媒体上说 那些塔楼应该按原来的样子重建起来-- 甚至要比原来还要高50层。,[]
在我看来，真是令人吃惊的想法， 你可以想象这就像一场竞赛， 就在我们刚刚受伤的伤口上竞赛。,[]
对于这个我有过一系列的讨论-- 首先和里克斯科菲迪奥和利兹迪勒，他们和我合作建造这个项目， 还有一些其他人-- 我真的觉得我们必须找到共同点来一起做点什么。,"[('里克斯科菲迪奥', 'nr', 12, 13), ('利兹迪勒', 'nr', 14, 15)]"
对于建筑师来说，最终施与帮助的方式 不是武断的发表意见或者虚构一些方案， 而是立刻采取实质性的行动。,[]
所以我们尝试采用一种方式， 像一个整体，组成一支类似特警一样的设计团队。,[]
这个就是我们提出来的任务。,[]
库尔特： 你是突然意识到-- 作为一个一直去满足人们欲望的设计师-- 转而去满足人们的需要吗？,"[('库尔特', 'nr', 0, 1)]"
大卫： 坦白讲，我所知道的是， 有种马上采取行动的迫切需求。,"[('大卫', 'nr', 0, 1)]"
在这之前，我们就被邀请参与一些项目。,[]
有个原本在世贸废墟中心的叫PS 234 的学校被疏散了。,"[('世贸废墟中心', 'nt', 4, 7)]"
他们搬迁到一个废弃的学校。,[]
我们找到2，30个建筑师，设计者和艺术家， 花了超过4天的时间--就像这个城市的房屋建造一样-- 去翻新那个学校。每个人都想帮忙。,[]
确实非同一般。,[]
汤姆奥特尼斯做出了贡献，迈拉卡尔曼也做出了贡献。 对于我们来说，这个成了一次很痛快的经历。,"[('汤姆奥特尼斯', 'nr', 0, 1), ('迈拉卡尔曼', 'nr', 5, 6)]"
库尔特：那个项目最后很有效率的完成了，只花了3个礼拜的时间-- 差不多在10月8号之前，是吗？,"[('库尔特', 'nr', 0, 1)]"
大卫： 是的。,"[('大卫', 'nr', 0, 1)]"
库尔特： 很明显，在试图建造 这个实质性的项目的同时你会面对很多事情--短片上看到的只是 你设计的环绕废墟四周的观景台的四分之一-- 你一定遇到不少困难吧， 在同那些关系复杂又盘根错节的官僚和权力部门 纽约房地产界和政界打交道的时候？,"[('库尔特', 'nr', 0, 1), ('纽约', 'ns', 58, 59)]"
大卫： 确实是件很有趣的事情。,"[('大卫', 'nr', 0, 1)]"
我们完成PS 234 的项目之后，同一个小组一起吃了晚饭。,[]
实际上我被邀请担任友邦保险有限公司重建委员会的主席。,"[('友邦保险有限公司重建委员会', 'nt', 5, 11)]"
之后我参加了一些会议。,[]
很多冗长的宏伟计划被提出来， 都是与长期的基础建设和整个城市的重建相关。,[]
实际的问题是，有很多紧迫的创伤和需求需要被抚慰和满足。 其中有个谈话是关于广泛性的，他们希望重建是一个广泛性的进程。,[]
然而它并不是一个广泛代表性的组织。,[]
所以我们说，什么是-- 库尔特： 它不是一个广泛性的组织？,"[('库尔特', 'nr', 8, 9)]"
大卫： 它不是。,"[('大卫', 'nr', 0, 1)]"
它是由白人，富人和公司集团组成的组织 几乎不具有城市代表性。,[]
库尔特： 令人吃惊！,"[('库尔特', 'nr', 0, 1)]"
大卫： 确实很令人吃惊。,"[('大卫', 'nr', 0, 1)]"
所以里克，利兹和我想出了那个方案。,"[('里克', 'nr', 1, 2), ('利兹', 'nr', 3, 4)]"
实际上是市政府先找到我们说这个事情。,[]
我们开始找到市政府是谈论94号码头的事。,[]
因为我们已经看到了PS 234 的项目是怎么做的。,[]
而那些家属--遇害者的家属-- 都去那个码头，选择这个地方是非常不合理的。,[]
库尔特：在亨登河？,"[('库尔特', 'nr', 0, 1), ('亨登河', 'ns', 3, 4)]"
"大卫： 是的。市政府实际上--一开始通过蒂姆扎加特， 然后通过克里斯特尼尼古拉斯, 最后我们找到朱利安尼市长-- 他说我们暂时不想对94号码头做什么事情， 但是如果我们能在世贸废墟中心给那些家属提供一个观景台， 那将是给那些家属们一个更加人性化的体验， 可以让他们避免风吹日晒。","[('大卫', 'nr', 0, 1), ('蒂姆扎加特', 'nr', 11, 12), ('克里斯特尼', 'nr', 15, 16), ('尼古拉斯', 'nr', 16, 17), ('朱利安尼', 'nr', 21, 22), ('世贸废墟中心', 'ns', 44, 47)]"
所以我同里克，利兹和凯文去了那里。 我不得不说，这是我生命中最感动的一次经历。,"[('里克', 'nr', 3, 4), ('利兹', 'nr', 5, 6), ('凯文', 'nr', 7, 8)]"
看着简单的夹板和围栏搭成的平台，真是很让人触动 上面还有遇害者的家属留下的话语。,[]
在我们和这里的一切经历中无需任何调节,[]
没有任何的过滤。,[]
我记得9月11号，在14号街， 我们的楼房屋顶上--我们可以清晰的看到世贸大厦-- 那时我看到了第一栋楼房倒塌 就在8楼会议室安装的电视上。,"[('世贸大厦', 'ns', 22, 24)]"
然后所有人都跑到屋顶上，我也跑上去了。,[]
真的非常令人惊讶， 比起在电视上看到的场景，真的很难相信它会在现实生活中发生。,[]
有种关于过滤的安慰。 在我们和现实体验之间有太多的信息。,[]
所以说通过这种简单 而又威严的方式观看是一种非常强大的体验。,[]
所以后来我们又回到市政府那里，跟他们说， 我们现在对把94号码头升级成贵宾看台的想法一点兴趣都没有， 但是我们确实在这件事上花了些时间。,[]
同时市政府也有这样的需要。,[]
"他们想要找到一个方案 去处理每天3,4万 去那里又没有其它地方可去的人群。",[]
同时他们也没有办法去控制废墟周围的交通。,[]
所以解决这个问题成了一个迫在眉睫的总体规划。,[]
那里应该有一个通道--而且必须有个通道-- 让人们在废墟周围移动起来。,[]
库尔特： 但是之后你必须找出一个办法-- 我们就跳过那些获得批准 和让每个人各就各位的令人疯狂而厌烦的过程--简单来讲关于钱这个事情。,"[('库尔特', 'nr', 0, 1)]"
虽然看上去是个相当简单的事情， 但是怎么说这差不多也是个50万美元的项目吧？,[]
大卫： 确实。我们知道如果没有私人出资的话， 它将没法实现。,"[('大卫', 'nr', 0, 1)]"
坦白来讲，我们也知道如果不能 在朱利安尼市长任期内启动， 我们得重新和那些政府人员打交道， 包括交通部，警察局，所有这些政府部门的人-- 我们每次开会的2，30个政府部门的人一起。 后来是应急管理办公室启动了这个项目。,"[('朱利安尼', 'nr', 10, 11), ('交通部', 'nt', 26, 27)]"
对于他们来说确实是个很好的举措，因为他们真的很需要这个， 而且他们察觉到这个势在必行。,[]
库尔特： 因此就有了这个时间截点了？ 我们知道朱莉安尼在那3个月后就离任了。,"[('库尔特', 'nr', 0, 1), ('朱莉安尼', 'nr', 13, 14)]"
大卫： 是的。 所以我们要做的第一件事情就是通气-- 我们必须和遇难者家属一起 通过市政府，来确保他们都知道这个项目。,"[('大卫', 'nr', 0, 1)]"
因为我们不想这个项目让大家觉得突然。,[]
而且我们还得在纽约尽可能的低调行事， 因为关键是不要引起很多的反对声音， 某种程度上尽可能悄悄地工作。,"[('纽约', 'ns', 5, 6)]"
我们想到建立基金， 主要是因为当我们找到一个可能承建这个项目的承包商的时候， 他很可能不会同意做这个项目，即使我们会支付费用给他。,[]
所以我们需要一个基金。,[]
于是我们就建立了一个基金，实际上主要是 纽约一个大开发商-- 库尔特： 我猜是谁甘愿隐姓埋名呢？,"[('纽约', 'ns', 11, 12), ('库尔特', 'nr', 17, 18)]"
大卫： 他的名字首字母是JS，而且他拥有洛克菲勒中心， 希望这个可以帮大家猜猜--他志愿帮助我们。,"[('大卫', 'nr', 0, 1), ('洛克菲勒中心', 'nt', 13, 15)]"
后来我们和他见面。,[]
承包商们的报价从5美元到70万美元都有。,[]
而美国最大的脚手架承包商亚特南迪克海特， 志愿以成本价承建这个项目。,"[('美国', 'ns', 1, 2), ('亚特南迪克', 'nr', 7, 8)]"
所以那个大开发商说：“你知道吗，我们会支付整个费用。”,[]
而我们说：“真是好极了！”,[]
我想那天是21号， 而我们知道这个观景台必须在28号之前完工。,[]
我们必须在第二天就开始建造。,[]
那天晚上我们跟那个承包商开了个会， 那个承包商展示了观景台的草图， 可是它只有我们设计的一半大小。,[]
库尔特：我猜有点像脊椎塔里的场景， 从那里可以看到微小的巨石阵？,"[('库尔特', 'nr', 0, 1)]"
大卫： 实际上，它就像一个为擦窗户准备的脚手架。,"[('大卫', 'nr', 0, 1)]"
一点都不符合当时的场景--紧挨着圣保罗教堂-- 那是一个需要庄严的地方， 一个需要尊重和纪念的地方。,"[('圣保罗教堂', 'ns', 11, 13)]"
我不得不说我们花了那么多时间 把这个搭建起来，看着那些聚集在圣保罗大教堂的拥挤的人群-- 正好在右边--在废墟周围移动,"[('圣保罗大', 'ns', 19, 21)]"
我住在那里，所以我们花了很长的时间去了解人们的需要。,[]
我想人们会因为两个事情而感到震惊-- 他们会因破坏而感到震惊， 但是我想人们也会因怀疑 纽约人感人的英雄主义而感到震惊。,"[('纽约', 'ns', 29, 30)]"
就是某种纽约人的日常的英雄主义。,[]
所以在那个会议上，那个承包商着字着句的说， “我要把门锁起来，因为开发商 不会同意在你们签订这个合约之前放你们走的。”,[]
而我们说：“但是这只有一半大小， 也没有我们之前同意的任何设计特色 包括城市里的每一个人。,[]
我们必须从头开始做这个项目。”,[]
最后我说服了他，在我们离开会议室之前 我们达成一致，按照原先的设计重新建造。,[]
第二天我收到开发商的邮件， 他说要撤掉所有的资金。,[]
我们不知道怎么办， 但是我们决定要撒一张大网。,[]
我们给尽可能多的人发了邮件-- 包括很多在场的听众--他们都提供了很好的帮助。,[]
库尔特： 那个时候就没有想过要放弃吗？,"[('库尔特', 'nr', 0, 1)]"
大卫： 没有。事实上，我告诉那个承包商继续施工。,"[('大卫', 'nr', 0, 1)]"
他也已经按照我的要求订购了材料。,[]
我们知道不管怎么样，这个项目总会完成。,[]
我们只是觉得它必须完成。,[]
库尔特： 后来你就自己出资，连同一些捐助和这个基金完成这个项目。,"[('库尔特', 'nr', 0, 1)]"
我记得理查德 在刚开始就提到-- 就是在所有的项目首席设计师意识到之前-- 他说一直以来首席设计师 对这种很平常的设计问题都追求一种审美方案。,"[('理查德', 'nr', 2, 3)]"
但是对我来说， 这个项目却恰恰相反。,[]
因为这是个前所未有的，独一无二的设计问题。,[]
大卫： 确实，这就是问题所在。 我们知道这个项目确实没有审美的特色-- 我们考虑了这个遗址，考虑到人们可能需要一种纪念碑一样的东西。,"[('大卫', 'nr', 0, 1)]"
但是有一点很重要，这个项目不是一种纪念物。,[]
而是供人们来凭吊和纪念的场所-- 很肃穆的场所。,[]
这就使得我们选用了这种设计方案， 尽可能少的在观众和真实的体验之间产生过滤-- 就像我们之前说的家属看台一样。,[]
这个看台全都是用难以置信的普通的材料，,[]
就是脚手架和夹板。,[]
它可以使得观众移动起来， 可以上到圣保罗教堂那边然后从另一边下去。 它提供了300英尺长的通道，并可以把你带到离地13英尺的高度， 从那里可以看到360度的视角。,"[('圣保罗教堂', 'ns', 10, 12)]"
但是这个设计一直考虑到快速，廉价，安全，庄严和灵活性方面的需求。,[]
这其中的一个要求就是可以移动。,[]
因为当我们看到废墟周围的四个平台， 其中一个是从家属看台更新而来的， 所以我们考虑到这些必须可以移动， 来应对不停改变的环境， 和对于世贸废墟中心是什么的这种定义的改变。,[]
库尔特： 你的作品--我们之前已经讨论过这个问题-- 我想很多你的作品都是基于你的一种信念，或者说你专注于 表现所有事物的临时性和短暂性。 像“吃，喝，享乐，因为我们明天可能就会死”， 这种及时行乐的观念。,"[('库尔特', 'nr', 0, 1)]"
而这明显不是一个会长久存在的作品。,[]
你知道，很多年之后，这个东西将不会存在了。,[]
作为一个建筑师， 这会要求你重新思考你那时正在做的东西吗？,[]
去把它作为一个纯粹的临时性的建筑来考虑？,[]
大卫： 我不这样认为。,"[('大卫', 'nr', 0, 1)]"
在我看来，这个是有实质性的不同 相对于我们之前做的任何项目比起来,[]
一般来讲，除了对于我们工作的一些想法之外， 还有一个重要的概念--就是以某种方式联合起来一起把事情完成的概念。,[]
"凯文肯农，里克斯科菲迪奥,利兹迪勒 和城市里的所有人-- 诺曼李尔, 在我们寻找资金的截止日期前的4个小时，我在跟他谈话， 他提供我们短期过度贷款来帮我们顺利度过难关。","[('凯文肯农', 'ns', 0, 1), ('里克斯科菲迪奥', 'ns', 2, 3), ('利兹迪勒', 'nr', 4, 5), ('诺曼李尔', 'nr', 13, 14)]"
回到前面说的合作的概念-- 我想这个例子更加印证了这个概念的重要性。,[]
对于你所说的短暂性， 我们的目标不是去建造一个 比对它的实际需求还要长的建筑。,[]
我想我们最感兴趣的是促进一种关于这个城市正在发生的事情的对话， 我觉得这种对话目前在这个城市还不够。 它是关于这个城市正在发生的事情的。,[]
在这个观景台开放的前一两天，正好是朱利安尼的离任致辞， 他提出一个想法，把整个世贸废墟中心建成一个纪念碑。,"[('朱利安尼', 'nr', 12, 13)]"
虽然这个想法引起了很大的争议，但是它也在很多人之间引起了共鸣。,[]
我想不管那个地方是关于什么， 不管这片神圣的土地将作何用途， 只要让人们的想法产生碰撞， 这就成了一个非常强有力的对话。,[]
而这个就是我们所感兴趣的。,[]
所以说，也是属于 我之前一直感兴趣的领域。,[]
库尔特： 在我看来，跟其他的建筑物相比，这是一件很可爱的市政基础建设。,"[('库尔特', 'nr', 0, 1)]"
它使对话变得严肃。,[]
就在袭击之后的6个月-- 也就是废墟被清理干净后的几个月-- 我们就很快的让 关于在废墟上建什么的谈话变得严肃而认真。,[]
作为一个建筑师，已经深入到废墟现场， 去做这个项目，那么关于这个废墟--你有没有什么建议关于 应该做什么，不应该做什么？,[]
大卫： 我想有一件事情是不应该做的，那就是评价-- 我发现现在的讨论都非常接近关于总体规划的讨论。,"[('大卫', 'nr', 0, 1)]"
最近普罗德施画廊举办了一个关于建筑理念的展览， 那里有些很新的建筑理念。,"[('普罗德施画廊', 'ns', 1, 3)]"
库尔特： 但是也有很多糟糕的理念。,"[('库尔特', 'nr', 0, 1)]"
大卫： 它有点像个观念的竞赛， 我想理念的焦点应该放在总体的规划和使用上。,"[('大卫', 'nr', 0, 1)]"
我想应该有一个更加宽广的思路--就像正在开始改变的那样。 对话真的正在展开， 关于这个废墟到底应该变成什么？,[]
我坚持认为，除非关于建纪念碑的想法被放弃了， 不然很难有什么明智的讨论。,[]
现在有一些讨论我觉得非常的可行， 关于降下西边高速公路，然后把这里连接起来， 这样就有一个不受干扰的地方了。,[]
库尔特： 这个想法很有趣。,"[('库尔特', 'nr', 0, 1)]"
它让我想起另外一个问题，可能并不是很合适 在六个月前讨论，但是现在也许可以了。 我们很多人并不喜欢这个城市里有世贸中心这个建筑， 还有那个巨大的广场。,[]
你觉得现在是一个机会吗-- 很有希望的机会--去重建 一些更加传统的城市建筑？,[]
大卫： 我想这倒真是一个机会开始讨论 我们为什么居住在城市。,"[('大卫', 'nr', 0, 1)]"
为什么我们住在这样一个地方，如此不一样的人 每天彼此之间都有很多冲突？,[]
我不认为新建5万，6万，7万，或者8万新办公室有多少意义， 不管你建多少。,[]
所以说，这是一个机会，重新审视我们是怎样看待城市。,[]
事实上，已经有一个方案在讨论，是关于新建7号楼的。,[]
库尔特： 就是世贸塔楼北边的那个建筑？,"[('库尔特', 'nr', 0, 1)]"
大卫： 对的，塔楼正好倒在它的上面。,"[('大卫', 'nr', 0, 1)]"
之所以一直耽搁主要是因为来自于社区居民的愤怒 他们一直关闭街道。 这个街道是连接城市的。,[]
所以我想要一个公开的对话--你知道的， 我想看到一个国际化的竞争， 来征集建设方案。,[]
库尔特： 不论它是艺术品，房屋， 还是大量的商场吗？,"[('库尔特', 'nr', 0, 1)]"
大卫： 对的。我们正在探索其他的东西。,"[('大卫', 'nr', 0, 1)]"
我们所建立的这个小基金正在寻求其他能够帮助的方式。,[]
比如，在废墟附近找块小地方， 邀请10个目前在纽约还没有声望的建筑师 来作为艺术家住房。,"[('纽约', 'ns', 15, 16)]"
同时寻找其他的方式鼓励更多的讨论 来反对单一的方案， 我们需要更多关于事物的多样性。,[]
库尔特： 在我们结束之前，我知道你还有一个短片要展示 是关于在这个观景台上的真实体验的,"[('库尔特', 'nr', 0, 1)]"
大卫： 约翰卡门--就是短片上这个人--做了一个 2分半钟的短片来展示这个看台。,"[('大卫', 'nr', 0, 1), ('约翰卡门', 'nr', 2, 3)]"
所以我认为这是个很好的结束方式。,[]
大卫： 我们正从富尔顿街的西面看过去。,"[('大卫', 'nr', 0, 1), ('富尔顿街', 'ns', 5, 6)]"
在我们和朱利安尼之间有个很有意思的问题， 我之前忘记了朱利安尼非常反对涂鸦。,"[('朱利安尼', 'nr', 3, 4), ('朱利安尼', 'nr', 16, 17)]"
而实质上我们的建筑就是用来涂写的。,[]
库尔特： 就像你说的，它不是一个纪念碑。,"[('库尔特', 'nr', 0, 1)]"
但是你之前有考虑过纪念碑吗？比如越战纪念碑？,[]
这之类的一些形式？,[]
大卫： 我们当然是做了尽可能多的研究， 我们也关注过其他的一些纪念碑。,"[('大卫', 'nr', 0, 1)]"
我们研究了它们的复杂性和实际上花费的时间。,[]
实际上是因为俄克拉何马州的委员会上的350个人， 让我们觉得这个应该是自己组织的，自发的方案 来作为联合广场的延伸 也是这个城市里一个自发组织的纪念碑。,"[('俄克拉何马州', 'ns', 3, 4)]"
你可以看到建在那个街道上方的脚手架，它是可以拆卸的。,[]
有趣的是，现在那个废墟的自然面貌已经彻底改变了， 以至你们现在所注意到的 不是在世贸中心的一些倒塌建筑物的碎块， 而是围绕在废墟周围的建筑-- 和它周围建筑上的伤痕，那些巨大的伤痕。,[]
这左边就是圣保罗教堂。,"[('圣保罗教堂', 'ns', 3, 5)]"
库尔特： 感谢你代表纽约人 能够促成这件事情。,"[('库尔特', 'nr', 0, 1)]"
但是对于这个建筑的瞬时性， 和它的存在， 甚至在你可以相信 如此宏大的一个项目可以被完成之前， 我想这些就是它的非凡特性的一部分-- 我不知道用美丽这个词是不是合适-- 但是对于它的意义来讲完全合适。,[]
大卫： 能做这个项目也是我的荣幸。,"[('大卫', 'nr', 0, 1)]"
我们也很激动能够在这里展示给大家。,[]
就像你们所说的，每一次来到这里都会学习到一些东西。,[]
今天早上，来自几家座椅公司的 得到的最终结论是：人们不应坐下来，要继续前进。,[]
我早应该告诉他们的。,[]
昨天几个汽车行业的人提出来新观点，,[]
他们相信，三十到五十年后， 就可以用电线来驾车， 而不需要那些机械装置了。,[]
这真让人放心。,[]
他们接着又说一些其他装置都可用电线操作， 就不需要机械部分了。,[]
这很好，那为什么不除掉电线呢？,[]
那么就只需意念就可以开车了。,[]
我想谈一下科技， 十五分钟后， 和在座的科技发烧友们谈一下 这个领域未来会发生什么。,[]
可在此之前，我要说， 从技术发展开始， 重要的不是技术本身，,[]
当然，当我们把科技应用到iBOT上去为残障社团服务时， 这是很重要的。,[]
但我觉得现在的问题是， 用一个简单的方案来解决交通系统里的一个重大问题。,[]
从一方面来看：有很多的数据 我很乐意以不同的形式向你展示。,[]
都不知道为什么， 大家都那么相信汽车改变了世界。,[]
大概一百年前，福特开始生产T型车,[]
我觉得人们不会想的是 科技被应用的背景,[]
比如说当时百分之九十一的美国人 住在农村和小镇,[]
所以汽车 也就是替代马车的无马车，是十分重要 它的速度比马车多一倍,[]
车身比马车短一半,[]
它还改善了环境卫生，因为 在1903年曼哈顿的城区已经禁行马车了， 你可以想像那些马路的模样 当路上有很多马 而且他们都在撒尿或干别的 会酿成无数伤寒症，还有别的问题,"[('曼哈顿', 'ns', 11, 12)]"
所以汽车是令环境更卫生的交通工具,[]
汽车也是让人可以来往农庄之间 走进市镇的工具,[]
这给百分之九十一的人口带来了方便。,[]
到了20世纪50年代，我们修建高速公路系统把所有的城镇连接起来， 这被许多人称之为世界第八大奇迹。,[]
这当然是个奇迹。,[]
同时，因为我对旧技术感兴趣 我想向各位保证——尤其是 十分支持我们的汽车业： 我不认为这个发明会与飞机或汽车竞争,[]
但请想想目前的世界状况,[]
世界上有一半人口正住在城市里,[]
足足是三十二亿人,[]
所有交通问题都已被解决 这些问题改变了这个世界，把它塑造成了现在的样子。,[]
五百年前，已发展成熟的航海技术 让我们发现新大陆,[]
一百五十年前，蒸汽火车效率高得 让我们把一片大陆发展成一个国家,[]
在上世纪，我们开始制造汽车 让我们在以后的半个世纪以高速地 把所有城市都连接起来 因此我们的生活质素也大大改善,[]
但与此同时，越来越多婴儿出生 越来越多人迁居城市,[]
在未来十五年，单是中国就有 四至六亿人会迁入城市,"[('中国', 'ns', 7, 8)]"
因此，没有人会否认在以往五十年间 飞机把大陆和国家转化为一个社区,[]
如果观察科技如何被实践 我们已经解决了运输过程中的 长距离，高速度，大容量，超重量的问题。,[]
没有人会想舍弃这些技术,[]
当然，我也舍不得我的飞机 直升机、悍马或保时捷,[]
虽然我不把它们放在家中，我还是很喜欢它们,[]
事实是，问题是在最后路段 当一半人口现居于城中,[]
而且因人而异的 人们差不多耗费了花九成至九成半体用于步行,[]
我不知道怎样的数据才能让你感到震撼 美国大城市里的汽车消耗掉了 全球百分之四十三的精炼燃油,"[('美国', 'ns', 11, 12)]"
每年有三百万市民死于空气污染 几乎地球上所有粉尘污染 都是源于交通工具，尤其市区里的,[]
还有，我不是要攻击任何行业 我真的很喜欢我的飞机 还有在高速公路上以每小时六十英里奔驰着的车子 效率是超然的 以上两点都是从工程 能源消耗和效益角度上出发,[]
我们都爱自己的车子，我也是,[]
问题是，如果你走进市里，想走四段街段 这既无聊又低效,[]
持续性也低,[]
如果，在1998年的中国，四亿一千七百万人骑自行车 一百七十万人开车,"[('中国', 'ns', 5, 6)]"
如果当中百分之五的人成为了所谓的中产人士 并希望走我们在过去百年我们走过的路 同时当中一半人口每隔六周 迁入面积和密度跟曼哈顿一样城市 环境受不了 经济受不了，因为没有足够的石油 政治上也不可承受,"[('曼哈顿', 'ns', 35, 36)]"
我说的是，我们现在到底在争夺什么呢？,[]
我们可以把问题变得复杂，但世界现在到底在争夺什么呢？,[]
对我来说，有人要在最后路段上下工夫 幸运的是我们在研发iBOTs。 可是我们认为一旦研发成功 它会马上取代汽艇，你不需要水也可以开。,[]
或者可以替代雪上摩托，你不需要雪也可以开。,[]
或者滑雪，这是纯粹娱乐而己，大家还是喜爱四处玩耍的,[]
另外，当中所有行业之中 只有高尔夫车才是价值数以十亿美元计的行业,[]
没有做我们常常做的取消其执照， 我觉得如果我们不把所有的精力用在技术上 而是专注理解其他世界上的问题如何解决 并开始接受城市， 回到古希腊时代，就是说人们要徒步走路 为人类而建的城市,"[('古希腊', 'ns', 39, 40)]"
现在有足迹 当所有运输难题都已解决 正如摩尔定律般,"[('摩尔', 'nr', 11, 12)]"
我是说，看看用科内斯托加旅行车穿过大陆需要多长时间， 对比用火车和飞机的时间,"[('科内斯托加', 'ns', 6, 7)]"
所有交通工具都进化了,[]
过了五千年，我们又回到了城市,[]
城市变得更大更广,[]
各城市中最贵的房地产 威尔希尔大道，第五大道，东京，或巴黎—— 最贵的房地产就位于市中心,"[('威尔希尔大道', 'ns', 7, 9), ('东京', 'ns', 14, 15), ('巴黎', 'ns', 17, 18)]"
市区内共有百分之65的地区是用作泊车的,[]
全球二十大城市,[]
你或许会问，要是城市可以给行人 我们现在来往城市时认为是理所当然的东西呢？,[]
要是我们可以使城市变得更有趣、更吸引、更整洁 更环保？,[]
如果可以让可以通过大众运输的最后一环 走出来，走向你的汽车变得更合意， 因此我们可以都生活在郊区， 随心所欲的使用汽车， 让城市再次充满活力呢？,[]
能够这么做也真不错 我们关注的问题之一 是如何合法地在人行道上行走,[]
因为技术上我有马达和车轮，我就是一辆机动车,[]
但我看上去不像机动车,[]
我跟行人一样会留下足迹 也有同样的独特能力 在拥挤的地方处理同其他行人之间的问题。,[]
我从零开始做起， 在人群中走了一个小时。,[]
我是行人。但法律通常比科技落后一至两代 如果我们不能走人行道，我们有两个选择,[]
我们可以成为无关紧要的娱乐设施， 但我不会把时间花在这上,[]
或者我们应该走上街道 同灰狗巴士或机车一道。,[]
我们向来十分关注这问题 我们曾走到邮政署长面前 第一个展示给了他看 并说，“给你们的人装备这个吧，大家都信任邮递员。,[]
他们应该在人行道上使用，他们会认真使用它的。”,[]
他同意了，我们去了数个警察部门 他们想让警员们及时深入邻里社区 并携带这70多磅的物品。他们爱死了这个。,[]
我就不相信警察会给自己发罚单,[]
所以我们真的下了很多工夫 但我们知道技术的发展， 不会像培养权衡轻重和应用科技的心态那样困难,[]
我们遇过一些有远见的人 提供足够资金，让我们研发这东西 希望给了我们足够的时间让他们满意。,[]
我很乐意谈论这项技术,[]
这真的很有趣，你该出去试一试,[]
如果我能要求你做一件事， 不是要把它当成是一种技术 而是想像，虽然我们都理解 我们用这台四千磅的机器 以每小时六十英里的速度行驶 把我们带到任何我们想去的地方的合理性 也是我们在最后一英里使用的工具， 它坏了，不能开动了,[]
我们遇过最兴奋的事情之一 让我们觉得它可能会被接受，就在加州这里发生了,"[('加州', 'ns', 19, 20)]"
几个星期以前，我们发布之后， 在威尼斯滩，我们带着一个新闻工作者来 惊叹着这技术 期间骑自行车的走过来 踏滑板的走过来 一个矮小的老太太，去查字典吧， 她来我这边 当时我这上面，跟一般成年人一样高,"[('威尼斯滩', 'ns', 9, 10)]"
她停下来，镜头就在那边，她抬头看着我 说：“我可以试吗？”,[]
我们怎么会说什么呢？,[]
所以我说：“当然可以”,[]
我下来，她上去，有点像习以为常的 然后她转着，大概走了二十尺 再往后走，她全程都笑着,[]
她回来停下来，说： ”终于有人给我们制造了些什么。“,[]
镜头往下对着她,[]
我心想：“太好了  ——女士，请不要说别的。”,[]
镜头仍然对着她 那位采访员把麦克风对着她 问：“你这么说是什么意思？”,[]
我当时想，“都完了。” 她抬头说：“嗯” 她仍然看着那些人，说着，“我不会骑单车，” 不， “我不会滑板，也不会滑旱冰，” 她知道它们的名字 “我五十年没有骑过自行车了。”,[]
然后她抬头说： “我现在81岁了，不能开车了，,[]
我还是要去商店，我不能提很多东西，”,[]
突然我意识到，在我的许多恐惧之中， 并不仅仅是官僚，监管当局 或立法人员不能明白 而基本上，有种来自群众的压力 叫你不要侵占这些城市中仅余的一点 珍贵的人行道上的空间,[]
看着法律规定的36英寸宽的人行道时， 停车位的八英尺，加上三个车道 然后又八尺 这就是所剩下的空间了。,[]
可是她抬头这么说 让我意识到，孩子们不会在意这些东西， 他们也不投票，商人和青少年 都不会介意，他们很通达， 所以我猜我是潜意识地担心 老人们会在意。,[]
所以，看到这件事后，担心了八年后 首先我拨电话问我们市场部门和规范部门的朋友 他们叫AARP，并立刻约时间见面,[]
我们得给他们看看这东西,[]
然后他们把它带到华盛顿，展示了 他们也要参与计划了 看着这些东西怎样在几个城市被人们接受， 比如亚特兰大，我们在当地试行它们会否 有助给这些城市重新注入活力,"[('华盛顿', 'ns', 5, 6), ('亚特兰大', 'ns', 29, 30)]"
底线是，无论你相信联合国与否， 或其他智库组织 在未来二十年间，所有人口增长都会 集中于城市,"[('联合国', 'nt', 6, 7)]"
单是亚洲就会有十亿人口,"[('亚洲', 'ns', 2, 3)]"
他们一开始就学会用手机。,[]
他们无需像我们一样走过一百年的进步历程。,[]
他们从技术食物链顶端开始,[]
我们得开始建设城市和人类环境 让一百五十磅重的人也可以在密集、富庶、绿化的环境中 也可以走数英里 而毋须使用这台四千磅重的机器,[]
汽车不适合平行停泊 在城市之间移动他们是得力机器，但想想看： 我们解决了长距和高速的间题,[]
希腊人穿着凉鞋从狄俄尼索斯的剧院走到了帕台农神庙。,"[('狄俄尼索斯', 'ns', 4, 5), ('帕台农神庙', 'ns', 9, 11)]"
而你现在就穿着运动鞋,[]
变化不大,[]
如果移动速度比走路快三倍──三倍── 三十分钟的路程缩为十分钟,[]
如果你住在市区，你的选择是十分钟── 如果要半个小时的话，你需要别的方法，公车或火车也好 我们得建设施 ── 轻轨 ── 你或者会选择继续泊车,[]
但是如果你在大多城市里能行动自如， 想象如果你有时间，你在城市里半个小时可以走多远。,[]
如果你可以把路程变得有趣，把它缩为八至十分钟 你找不到车子，取回车子，开车 再泊车，然后去别的地方 你不能打的或坐地铁,[]
你可以改变人类调配资源的方法 世界消耗能源的方法 让它变得有趣,[]
我们希望历史将证明我们是对的。,[]
它叫赛格威，这是循环发动机 我们很多工作把这个混淆了,[]
这小怪正产生数百瓦的电力,[]
对，它能够做到 也对，利用一公斤丙烷 你愿意的话，可以从纽约走到波士顿,"[('纽约', 'ns', 18, 19), ('波士顿', 'ns', 20, 21)]"
也许这台小机器更有趣之处是，它会燃烧任何燃料 因为你们有部分也许质疑 这种性能的影响 在大部分地方你都不能轻易插入120伏特的插座,[]
"事实上我们正在研究这种 替代能源 从强生公司开始，到使用iBOT, 因为你能得到的最好电池是 每公斤铅十瓦特小时 每公斤镍镉二十瓦特小时 每公斤镍金属水合物四十瓦特小时 每公斤锂六十瓦特小时 每公斤丙烷或汽油八千七百五十瓦特小时 因此根本没人会开电动车","[('强生公司', 'nt', 9, 11)]"
可是，在任何时候，它都会以同样速度燃烧 因为它是在外部燃烧，跟你家的炉灶一样 假如任何燃料都可使用，那么燃烧后都是干净的,[]
比如说，这使得仅仅足够的电力这样做 在其他地方，晚上有足够电力 正如霍利博士指出， 启动电脑和开灯。,"[('霍利', 'nr', 19, 20)]"
更有趣的是，这方面的热力学家说 你绝不能达到超过两成的效能,[]
也没多大关系，就是就如果有两百瓦特的电力 就会产生七百到八百的热能,[]
如果你想使水沸腾并以每小时10加仑的比率重新凝聚， 要花25，25.3多千瓦特—— 2万5千瓦的持续能量来完成。,[]
这么多能量，你没法在我国 用这种方式淡化或净水。,[]
当然，在世界的其他地方，你的选择是毁掉这个地方， 把所有可燃的物质都转化为热能，或把所有可喝的水都喝光,[]
世界首要致命原因就是恶水,[]
视乎你相信那组数字 每天有六十至八万五人因此死亡,[]
我们不需成熟的心脏移植手术,[]
我们需要水源,[]
妇女们不该再每天花四小时寻找水源 或看着孩子死亡,[]
我们研究到怎样把蒸汽压缩蒸馏器放在上面 再以反流式换热器采余温 用少量电力控制这过程 用450瓦，是废热的一半多一点， 每小时就能造出十加仑蒸馏水 从任何使用的燃料那里得到的能量来给它降温。,[]
如果把盒子放在这 这几年间我们能否在这个重60磅的盒子里 得到解决交通、电力、 通讯，或许饮用水问题的方案？,[]
我不知道，但我们会试试看,[]
我得闭嘴了。,[]
尽管所有对于艾滋病和禽流感的忧虑都是合理的—— 稍后我们将会听到 优秀的Brilliant医生的演讲—— 我想要说的是另一种流行疾病， 也就是心血管疾病、糖尿病、高血压—— 这些疾病对于至少95%的人而言， 都是可以通过改变饮食和生活方式 而完全预防的。,[]
而目前的情况是 疾病的全球化正在发生， 人们开始以我们一样的方式吃饭、生活以及死亡。 举例来说，在一代人的时间内， 亚洲人患心脏病、肥胖症以及糖尿病 的比率即从最低的群体之一攀升至最高。 而在非洲大多数国家， 心血管疾病致死的人数与HIV和艾滋病 致死的人数相同。,"[('亚洲', 'ns', 34, 35), ('非洲', 'ns', 56, 57)]"
因此这是一个关键的机遇， 我们不得不作出重要的改变， 这个改变能够影响成千上万人的生命， 并在全球范围内实践 预防医学。,[]
心脑血管疾病致死的人数超过了 其他疾病致死人数的总和， 不仅仅在我们国家，而且是在全球范围之内， 对于几乎所有人而言，这是完全可以预防的。,[]
而这不仅仅是可以预防的， 而且实际上是可治愈的。在过去约29年里， 我们可以证实，仅仅是通过改变饮食和生活方式， 我们使用了非常昂高科技、昂贵和顶尖的手段 来证实这些 简单、低科技和低成本的预防措施 作用是如此之大。 我们使用了动脉造影，一年前后还使用了 心脏PET扫描。,[]
我们几个月前还证明了——我们发表了一项研究成果， 该成果首次显示出你可以通过改变饮食和生活方式 来阻止前列腺癌的恶化， 肿瘤生长衰退或抑制 的比例达到70%， 与此相对应的是， 控制组的比例仅为9%。,[]
这里的核磁共振光谱显示， 肿瘤生长活动为红色， 你可以看到这在一年之后就消失了。,[]
此外，现在出现的还有糖尿病的流行， 这占到了成人的2/3和儿童的15%。 真正令我担忧的是在过去的10年里， 糖尿病的患病比例上升了70%， 而这可能将首次出我们下一代的孩子们的寿命 将会短于我们。 这很让人痛心，但又是可以预防的。,[]
现在大家看到的不是选举结果， 这是按州统计的患糖尿病的人口人数， 从85、86、87年开始—— 数字来源是美国疾病控制中心的网站——现在是88、89、90、91年—— 又是一个新的组别——92、93、94、95、96年， 到97、98、99、2000、2001年—— 情况越来越糟糕，我们在某种程度上在退化。 对于这些我们能做些什么？嗯，你知道，,"[('美国疾病控制中心', 'nt', 32, 36)]"
我们所发现的能够阻止心脏病 与癌症的饮食就是亚洲饮食。,"[('亚洲', 'ns', 12, 13)]"
但是现在亚洲人开始像我们一样饮食， 这也是他们开始像我们患一样的病 的原因。,[]
我一直与许多大的食品公司合作， 他们能够使吃更健康的食物变得 有趣、性感、时尚、口感好以及方便。 例如——我担任麦当劳、 百事可乐、康尼格拉、Safeway超市的顾问委员会主席， 稍后还将担任德尔蒙特的，他们也正在 发现这是项好生意。,"[('Safeway超市', 'ns', 41, 43), ('德尔蒙特', 'nr', 52, 53)]"
你可以在麦当劳看到的沙拉就是这项工作的成果—— 他们开始提供亚洲沙拉。 在百事可乐公司，3/2的收入增加来自 他们更好的食品。,"[('麦当劳', 'ns', 3, 4), ('亚洲', 'ns', 18, 19), ('百事可乐公司', 'nt', 22, 24)]"
而如果我们能做到这些， 我们可以将购买药物的资源解放出来， 而将这些资源用到真正需要的治疗艾滋病、HIV、疟疾 以及预防禽流感之中。感谢各位。,[]
各位上午好。首先，我觉得，太棒了 这几天在这儿太棒了,[]
其次，我觉得能最后出场是我莫大的荣耀 面对这么一群了不起的人 和这些精彩的谈话。,[]
我发现，在很多方面， 我很赞同我所听到的一些事。,[]
我从厄瓜尔多热带雨林的最深处 直接来到这里， 我工作的那个地方，只有乘飞机才能到达 那儿的土著人脸上涂着颜料 戴着鹦鹉羽毛的头饰。 在那里，他们竭力阻止石油公司进入森林 不让他们在森林里铺路,"[('厄瓜尔多', 'ns', 2, 3)]"
他们在斗争，想要保持自己在森林里的生活方式 要保持他们的世界洁净，那个世界未曾被毒害 未曾被污染。,[]
我觉得很奇妙的是 与TED的话题相一致， 在那里，就在这片雨林的正中央， 有一片太阳能电蓄电池板——这是厄瓜多尔这个地区的第一块太阳能电池 这些电池主要用于带动水泵，将水运到山上 这样妇女们就不用再下山挑水,"[('厄瓜多尔', 'ns', 34, 35)]"
这些水都经过净化，很干净。但是因为他们有很多电池， 能储备足够的电。,[]
所以每一家，我想，总共有八家人 在这个小社区里，能够用上电灯 我觉得每晚能维持半小时的照明。,[]
他们的酋长，除了酋长的服饰，还有一个电脑笔记本。,[]
"这个人曾经走出过他们的村庄，但是最终他回来了 他曾说：""我们好像一瞬间就进入了一个全新的时代 五十年前，我们甚至不知道还有白种人 可如今，在这儿，我们有了笔记本电脑 我们想要从现代社会中学习一些事。",[]
我们想要了解卫生保健。,[]
想知道其他地方的人在做什么——我们对这些感兴趣。,[]
我们想学其他语言。,[]
我们想学英语、法语，或许中文。 我们有语言天赋。”,[]
他就是这样，用一台小小的笔记本电脑， 跟强大的外在压力做斗争 —— 这压力都来自于厄瓜多尔的巨额外债—— 对抗来自世界银行，国际货币基金组织的压力， 当然，还要对抗那些想要开发森林和开采石油的人。,"[('厄瓜多尔', 'ns', 26, 27), ('世界银行', 'nt', 34, 36), ('国际货币基金组织', 'nt', 37, 41)]"
因此，我从那里直接飞到这里，来告诉大家这些。,[]
但是，当然我的专业 是关于另一种领域的文明—— 也许我不能称之为文明。,[]
而是另一种生活方式，另一种生存。,[]
我们早先谈过——在韦德·戴维斯的精彩演讲中， 谈到了世界上不同种族的文化。 但这个世界，不仅仅是由人类组成的， 还有其他动物的存在。,"[('韦德·戴维斯', 'nr', 6, 7)]"
正如我在世界各地所做的一样，我想要带给TED 来自动物王国的声音。,[]
通常我们只是在几张幻灯片中，或是一小段影片里看到这些， 但是，这些生命也有能表达某种意义的声音。 因此，我用坦桑尼亚森林里的黑猩猩的方式 向大家问好—— 呜~~呜~~~呜~~~~~呜呜呜~~~呜~~呜~~~,"[('坦桑尼亚', 'ns', 36, 37)]"
我从1960年开始在坦桑尼亚研究黑猩猩。,"[('坦桑尼亚', 'ns', 6, 7)]"
从那时起，现代科技手段 大大改变了 野外生物学家的工作方式。,[]
比如，几年前，我们第一次 只需取粪便样本 就可以分析动物——比如检查DNA—— 所以，也是从那时起，我们才开始真正的知道 每只小黑猩猩的父亲是谁。,[]
因为黑猩猩是混杂交配的，,[]
所以，这个技术帮助我们开创了新的研究领域。,[]
我们用GIS来——代表的是地理什么的，GSI—— 来确定黑猩猩的活动范围。,[]
我们还——你们看，我这方面不太在行， 不过我们用卫星影像技术 来观察这个区域的森林破坏程度。,[]
当然，还有红外线夜视技术 可以在夜间观察动物。 而且录音、录像的机器 越来越轻便、好用，,[]
所以，我们今天可以做的更多， 这在1960年，我刚开始工作时都是不可能的。,[]
特别是研究圈养的黑猩猩和其他 脑容量大的动物时， 现代技术有助于我们探索 除人类之外，拥有高级认知能力的动物。,[]
使我们今天了解到，他们能够完成 之前我们认为不可能的事 这都是因为当时科学手段有限。,[]
我觉得，圈养黑猩猩中能完成最复杂的智力行为的 是一只在日本的黑猩猩，叫做Ai 意思是“爱”， 她有个聪明敏感的伙伴。,"[('日本', 'ns', 18, 19)]"
她喜欢她的电脑，为了电脑 她宁愿离开群体，离开流动的水源， 离开她的树林，离开一切。,[]
她会来到这台电脑跟前坐下， 她爱玩游戏，一种类似小孩子玩的游戏，她着了迷。,[]
顺便说一下，她28岁了，她通过屏幕 和触摸屏，动作比大多数人还要快。,[]
她可以使用电脑完成非常复杂的任务，我没有时间细说了。 有一点令人惊异： 她不喜欢犯错误。,[]
要是她这轮没玩好，得分太低， 她就会走过去，拍实验室的玻璃， ——因为她看不见实验员—— 她这是在要求再玩一轮。,[]
她已经精神高度集中了二十分钟， 还要求再重新玩一轮， 只是为了要玩得更好，到自己满意为止。,[]
而且食物对她并不重要——她确实会得到一丁点儿的奖励， 比如每一次正确的反应，她会得到一颗葡萄干—— 但是你要是跟她事先讲明，没有食物她也心甘情愿。,[]
你看，黑猩猩也可以操作电脑。,[]
黑猩猩、大猩猩、红毛猩猩还能学会人的手语。,[]
重要的是，当我1960年第一次来到贡贝—— 那时的印象仍然十分鲜明，一切好像就在昨天—— 第一次，穿过整片的丛林， 大多数黑猩猩见了我，还是会逃开， 虽然还是有一些对人类有点习惯了。 我看见一个黑影，爬伏在蚁丘上， 我从望远镜里看出去。,"[('贡贝', 'ns', 10, 11)]"
那是只成年的雄猩猩，我给它起名叫灰胡子大卫。 要知道，当时的科学界还不兴这样给动物起名字， 好像动物只能标号码，那样才科学。,"[('大卫', 'nr', 14, 15)]"
无论如何，我看见这个灰胡子大卫 捡起细小的草叶，用它们 把白蚁从地下的蚁穴钓出来。,"[('大卫', 'nr', 7, 8)]"
不仅如此，他还会捡一根树枝， 把叶子捋净。 修整物体以适于某种特殊用途， ——这就是制造工具的开始。,[]
这个发现令人兴奋，是一个突破， 因为当时认为，只有人 才会使用和制造的工具。,[]
我还在读书的时候，我们定义人类为工具的制造者。,[]
"所以，当我的导师路易斯·李基听到这个消息， 他说：“噢，我们需要重新定义人和工具了, 不然就得承认黑猩猩也属于人类。”","[('路易斯·李基', 'nr', 6, 7)]"
仅贡贝一地的黑猩猩，就拥有九种不同的方法， 把物体做成工具，有不同的目的，用于不同的对象。,"[('贡贝', 'ns', 1, 2)]"
此外，我们知道非洲其他地方， 研究大猩猩的每一个地方， 都存在截然不同的使用工具的行为。,"[('非洲', 'ns', 4, 5)]"
这些方式方法一代一代传承着， 通过观察、模仿、和实践， ——人类文化就是如此定义的。,[]
这四十多年来， 我和其他人一直在研究黑猩猩 和其他的大型猿类，还有， 其他的拥有复杂大脑和社会结构的哺乳类动物， 我们最后发现，没有一条很清晰的界线， 来区分人类和其他动物。,[]
这条界线非常模糊。,[]
这条界线越来越模糊，随着我们发现动物可以做许多事 我们曾经自大地认为，这些事只有人才会做。,[]
现在没有时间来谈论黑猩猩的奇妙生活， 不过，他们的童年也很长， 有五年的时间，它们吸吮母乳，跟母亲睡在一起， 之后大约有三到五年的时间 小黑猩猩都对母亲有情感依靠，即使有新生儿的出现，也是如此。,[]
这段时间对于它们是关键的学习时间，行为可以塑造， 在黑猩猩群体里，有很多东西要学。,[]
长期的爱和支持的纽带 将在漫长的童年时期建立在小猩猩与母亲 和其他兄弟姐妹之间， 这种联系可以维持一生， 长达60年之久。,[]
在圈养环境下，他们实际上不止活60年， 而目前我们对野外黑猩猩只做了40年的研究。,[]
我们发现黑猩猩有诚挚的情感，懂得同情和关心。,[]
我们还发现，他们的非语言交流非常丰富， 它们会发出各种声音，用于各种不同的场合。 同时，它们也触摸、做姿势，打手势， 那它们是怎么做的呢？,[]
它们亲吻、拥抱、握手。,[]
它们互相拍击后背、昂首阔步、摇晃拳头—— 就像我们所做的一样—— 它们也用在同样的场合。,[]
它们有非常复杂的协作。,[]
它们有时打猎——这并不常发生， 但当它们打猎时，它们分工合作、互相协助， 之后，它们还分配猎物。,[]
我们发现，黑猩猩也会表达感情，像是幸福、悲伤、恐惧、绝望， 类似于人类的情感，有时甚至是一样的。,[]
它们知道身体上的疼痛，也知道精神上的痛楚。,[]
现在我没有足够的时间，告诉你们更多的细节 来证明我所说的这些， 更没有时间详细介绍在一些顶尖的大学里，有些非常聪明的学生， 正在研究动物的情绪和个性。,[]
我们知道，黑猩猩跟一些其他的动物 可以从镜子中认出自己——它们可以区别自己和其他个体。,[]
它们也有幽默感，而正是这一类感知 我们传统上认为，是人类的“特权”。,[]
因此，这教给我们一种新的尊重 我认为，这不仅仅是对黑猩猩的尊重 更是对与我们共享这个地球的其他动物的尊重,[]
归根结底，只有当我们能够承认 我们人类并不是唯一拥有个性、精神、甚至情感的生灵时 我们才能够反思 我们是如何利用和虐待 这个星球上其他拥有智慧和感知的生物， 至少对我来说，这是非常让人内疚的。,[]
所以，让人难过的是，这些黑猩猩—— 它们比任何其他生物更能让我们懂得一点羞耻心—— 却在野外快速的消失。,[]
导致它们消失的原因 在场所有人都心知肚明。,[]
森林砍伐，人口增加需要更多土地。,[]
因为伐木公司进入森林，大面积砍伐树木， 摧毁整片的树林，所以黑猩猩正在消失。,[]
在非洲黑猩猩活动区域的中心，它们正在消失 因为跨国伐木公司巨头进入森林，修建道路—— 而他们也想在厄瓜多尔 以及其他森林未被开发的地区做同样的事情—— 他们要而开采大量的石油或木材。,"[('非洲', 'ns', 1, 2), ('厄瓜多尔', 'ns', 28, 29)]"
这导致刚果盆地和世界其他地区兴起了 所谓的“丛林肉”交易。,"[('刚果盆地', 'ns', 2, 4)]"
这意味这，虽然几百年，也许是几千年以来， 生活在那些森林里，或者是其他栖息地的人们， 与大自然和谐共处，只捕杀所需的动物 只为自己及家人所需—— 而现在，一瞬间，新筑的道路， 使猎人能够从城里进入森林。,[]
这些人射杀一切，射杀每一个活动的物体 只要比老鼠大，他们都会捕来晒干或是熏烤。,[]
他们还有交通工具，他们可以乘着伐木卡车或是采矿卡车 把猎物带进城，再卖掉。,[]
在某些文化中，人们愿意高价购买这些“野味”， 而不喜欢养殖动物的肉。,[]
这不是可持续的，而那些驻扎在森林里的大型伐木营 也需要大量的肉类，所以刚果盆地里的俾格米猎人们 他们原本上百年来在森林里和谐安居 现在这种生活也遭到了破坏。,"[('刚果', 'ns', 23, 24)]"
有人给他们武器，他们为伐木营射杀动物，获得金钱。,[]
他们的文化正遭受破坏， 他们生存所依赖的动物也同样遭到毁灭。,[]
所以，当伐木营离开时，当地往往被洗劫一空。,[]
我们之前已经讨论过，人类文化的多样性正在不断地丧失， 而我本人亲眼目睹了这一切的发生。,[]
虽然我爱非洲，但当我们将目光投向非洲严酷的现实， 我们又看到了什么呢？,"[('非洲', 'ns', 3, 4), ('非洲', 'ns', 11, 12)]"
我们看到森林被砍伐， 沙漠扩大，饥荒肆虐， 我们看到疾病蔓延，人口增长 使得有限土地上所居住的人越来越多 超出了土地所能供养的极限， 而他们又极端贫穷，无力从其他地方购买食物。,[]
我们昨天所讨论的复活节岛上的人， 他们砍掉了岛上最后的一棵树——他们真的愚蠢吗？,[]
他们真的不知道当时即将发生什么事情吗？,[]
他们清楚得很，可是，要是你看到在世界的某些角落 人们所过的赤贫的生活 那么，所谓为明天留下一棵树也就不是问题了。,[]
你想的是：“今天我要怎么养活家人？,[]
也许，砍掉最后这棵树，我还能换来几块钱 这样我们还能稍微多活几天， 之后，再祈祷是否有奇迹 把我们从死亡中拯救出来。”,[]
瞧，这就是严酷的现实。,[]
将我们与黑猩猩及其他生物区分开的， 就是我们复杂的口头语言—— 我们用这种语言，可以告诉我们的孩子 那些尚未发生的事情。,[]
我们告诉他们遥远的历史，或是未来的计划， 还可以讨论彼此的想法， 让这些思想在一群人累积起来的智慧中不断发展。,[]
我们可以通过相互交谈做到这一点， 还可以通过视频或文字。,[]
而如今，我们正在滥用语言的能力，没有当好地球聪明的管家， 我们正在摧毁地球。,[]
从某种角度来说，发达国家做得更糟糕， 这是因为，我们可以更便捷地得到知识 更了解我们所做的事是多么的愚蠢。,[]
大家知道吗，在很多地方， 新生儿喝的水都是有毒的。,[]
空气也在伤害他们， 食物也生长在受污染的土地上，毒害他们。,[]
而这并不只是发生在遥远的发展中国家，世界各地都是如此。,[]
大家知道吗，我们现在体内有50余种化学元素 50年前在我们体内是不存在的。,[]
很多疾病，像是哮喘 以及某些癌症， 在有毒垃圾堆放的地方这些疾病的发生率都在增加。,[]
世界各地，人们都在伤害自己， 伤害动物，伤害大自然。 大自然母亲，赋予我们生命的自然。 大自然，我们要长于斯乐于斯的大自然， 草长莺飞，花香鸟语 令我们怡情的大自然。,[]
然而，在发达国家， 成千上万的孩子都没有见过大自然， 因为他们在混凝土的世界里长大 他们所知了解的都是虚拟现实， 他们没有机会躺在太阳下， 走进森林，躺在大树下 让斑驳的阳光洒满全身。,[]
当我环游世界时， 我就得离开森林——那里是我心爱的的地方。,[]
我就必须告别这些神奇的黑猩猩 我的学生和研究基地的工作人员留下，继续研究 因为，了解到这些黑猩猩的数量 从100年前的200万只减少到如今的15万只， 我知道，我必须离开丛林， 尽我所能，提高全世界对这一切的意识程度。,[]
对于黑猩猩的困境介绍得越多， 我就越发觉，世界万物都相互依存， 发展中国家的问题 常常是源于发达国家的贪婪， 所有的事都纠缠在一起，到头来却毫无理性， 大家说希望是建立在理性的基础上——但这一切却毫无理性。,[]
我们怎么来面对呢？,[]
昨天有人说到这一点，,[]
我所到之处，也经常见到对未来不存希望的年轻人。,[]
他们绝望， 他们说：“不管我们做什么都无所谓。 吃喝玩乐就好，反正总有一死。,[]
一切都没有希望——媒体一直这样向我们灌输。”,[]
我也遇到一些愤怒的人， 这些愤怒会转为暴力， 我们对此也很熟悉。,[]
我自己有三个小孙子， 每当有些高中生或大学生跟我聊， 他们说：“我们很愤怒，” 或者是，“我们很绝望， 因为你们霸占了我们的未来，而我们对此无能为力。”,[]
我会看着我的孙儿的眼睛， 想当我像他们那么小，一直到现在，人类对地球造成了多少伤害,[]
我非常惭愧，所以1991年在坦桑尼亚， 我启动了“根与芽”这个项目。,"[('坦桑尼亚', 'ns', 7, 8)]"
外面有我们的小宣传册， 如果大家关心孩子们的未来，想与孩子们一起做些什么， 请大家拿一本宣传册看看。,[]
“根与芽”是一个希望工程。,[]
“根”是坚实的基础。,[]
“芽”看上去虽小， 但是，为了阳光它可以钻透砖墙。,[]
把砖墙看作我们 给地球带来的问题。,[]
这样一来，瞧，这就是希望的讯息。,[]
世界上，成千上万的年轻人 能够取得突破，让世界变得更好。,[]
“根与芽”要传递的信息中，最重要的是 每一个人都可以做出贡献。,[]
每一个人在此都有自己的角色。,[]
每天我们中的每个人都在影响着世界， 在座的科学家们都知道，不可能有人对世界没有影响—— 即使你天天躺在床上，你也在吸入氧气 呼出二氧化碳，你也会去上厕所， 还有其他类似的事情。 每一个人都在影响着我们的世界。,[]
所以，“根与芽”组织 召集青年人，致力于三种项目。,[]
这些项目目的是改变世界，让世界变得更好。,[]
一个项目是关怀自己所属的社区。,[]
另一个是关爱动物，包括家养动物——我必须要说， 我早就对动物行为谙熟于心 早在我去贡贝前，我的狗鲁斯比就教给我这些知识， 它是我童年的伙伴。,"[('贡贝', 'ns', 27, 28), ('鲁斯比', 'nr', 33, 34)]"
第三类项目，是关心当地环境,[]
孩子们具体做些什么，是根据他们的年纪而定—— 小的有学前班的孩子，大的有大学生。,[]
还要看他们住在哪里，是城市还是乡村。,[]
此外还依据他们的家庭状况是富裕还是贫穷。,[]
还要根据他们住在美国的哪部分。,"[('美国', 'ns', 6, 7)]"
美国的每个州都有我们的分支机构 弗罗里达的问题就跟纽约的不同。,"[('美国', 'ns', 0, 1), ('弗罗里达', 'ns', 11, 12), ('纽约', 'ns', 16, 17)]"
我们还要依照不同国家，制定不同的具体任务—— 至今，我们拥有5000个活跃的团队，覆盖了60余个国家—— 有些团队的所在地的地名我以前从来没听说过 正是因为有了这些孩子的积极参与， 推广项目，我才听说这些地方。,[]
他们为什么参与？,[]
因为他们接受这种信念， 他们要自己决定自己的未来。,[]
这并不是父母，亦或是老师 要他们去做的事。,[]
听师长的话，也许会更方便，但是如果由孩子们自己来做决定， “我们要清洁这条河， 让原本居住在这儿的鱼回来。,[]
我们要将这个地区的有毒土壤清理干净， 使它变成有机花园。,[]
我们要多花些时间陪老年人， 听他们讲故事，记录下他们口述的历史。,[]
我们要去犬类收养中心工作，,[]
我们要了解各种动物。我们还要...” 各位，我无法历数所有这些。在我看来，这就是希望。,[]
一年中有300天我都在世界的某一个角落旅行， 那些地方都有不同年龄的人参与的“根与芽”项目。,[]
所到之处，都有孩子睁着闪亮的眼睛，告诉我： “看看我们做出的变化。”,[]
现在我们有了高科技的帮助， 因为有了这种新的电子交流方式 孩子们可以跨越大洋相互交流。,[]
如果任何人有兴趣给我们帮助，而且我们的确有很多的想法 需要帮助才能得以实现。 我们需要创造更适合年轻人交流心声的平台。,[]
但同样重要的是，让他们倾诉自己的失望，让他们可以说出： “我们试过了，可这样行不通，该怎么办？”,[]
马上，就会有另一个小组给这些孩子提供解答 他们可能在美国，也许是在以色列， 说：“是的，你这里做错了一点。你应该这么做。”,"[('美国', 'ns', 17, 18), ('以色列', 'ns', 22, 23)]"
其中的哲学其实很简单。,[]
我们反对暴力。,[]
不需要暴力，不要炸弹，不要枪支。,[]
这不是解决问题的方法。,[]
至少在我看来，暴力只能导致暴力。,[]
那我们要怎样解决问题呢？,[]
知识和理解，就是我们解决问题的工具。,[]
了解真相，同时了解真相在全局中的位置。,[]
努力和坚持——不要放弃—— 爱和同情心能引导我们尊重所有的生命。,[]
我还有几分钟？两分钟，一分钟？,[]
克里斯•安得森：一到两分钟。,"[('克里斯•安得森', 'nr', 0, 1)]"
珍妮•古道尔：两分钟，我需要两分钟。,"[('珍妮•古道尔', 'nr', 0, 1)]"
你们会冲上了把我拉下去吗？,[]
总而言之，“根与芽”正在 改变年轻人的生活。,[]
这正是我倾注大部分精力的工作。,[]
我相信TED可以有非常重要的影响， 这不是因为我们可以分享技术， 而是因为你们中的许多人都有孩子。,[]
如果你愿意回家后，将我们的项目告诉你们的孩子， 那么他们就可以有一个极好的机会走出家门，做一些有意义的事， 因为他们有像你们这样的父母。,[]
而且一切也都证明，大家都十分关注这个问题 关注如何让这个世界变得更好。,[]
这让人深受鼓舞。,[]
但是孩子们的确会问我—— 我保证，我不会超过两分钟了—— 有孩子会说：“珍妮博士，你对未来真的抱有希望？,"[('珍妮', 'nr', 26, 27)]"
你去过很多地方，见过那么多可怕的事。”,[]
第一，人类的大脑——关于此我不必说什么。,[]
如今我们了解了世界各地存在的问题， 拥有诸位这样的大脑的人都会开始思考如何解决那些问题。,[]
对此，我们已经说过了很多。,[]
第二，大自然可以自我修复。,[]
我们可以摧毁一条河， 我们也可以使它恢复生机。,[]
一片土地变为荒芜， 但只要有时间和一点帮助，它也可以重新变得生机盎然。,[]
第三，上一个发言者，也许往前数第二个， 提及了人类不屈不挠的精神。,[]
我们周围有许多从不气馁的人们， 他们做成了许多看似不可能的工作。,[]
比如说尼尔森·曼得拉——我从罗本岛监狱拿了一块石灰石 在那儿，曼得拉被监禁并劳作了27年， 他出狱后并不是心怀怨恨，而是领导人民， 用和平的方式走出了可怕的种族隔离。,"[('尼尔森·曼得拉', 'nr', 1, 2), ('罗本岛', 'ns', 6, 7), ('曼得拉', 'nr', 16, 17)]"
即使在911之后——那时我在纽约，非常害怕—— 我也感受到了恐慌——但是仍有那么多人，充满了勇气， 充满了爱和同情心。,"[('纽约', 'ns', 9, 10)]"
在那之后，我去了美国的其他地区，感受到了人们的恐惧—— 这样的恐惧让人们觉得 他们不应再去担心自然环境， 只关注恐怖主义，不然他们会看上去不爱国，—— 当时我尝试着鼓励他们， 有人走来告诉我一句圣雄甘地的话， “回顾人类历史， 一切恶势力终究被正义战胜。”,"[('美国', 'ns', 7, 8), ('甘地', 'nr', 59, 60)]"
然后，一个女士给了我这个小铃铛， 我想以这作为结束。,[]
她告诉我，“每当你说到希望和和平，就摇摇它。,[]
这个铃铛是由一个拆除引信的地雷造的， 它来自波尔布特的屠杀战场—— 那人类历史中最为罪恶的政权之一—— 现在，这个政权已经垮台， 那里的人们正恢复正常生活。 所以，是的，希望是有的，那希望在哪儿呢？,"[('波尔布特', 'nr', 14, 15)]"
希望在政治家那儿吗？,[]
希望在我们的手中。,[]
希望在你手中，在我手中， 在孩子们的手中。,[]
一切的确由我们决定。,[]
只有我们，才能带来改变。,[]
如果我们在日常生活中， 尽量留下最轻的生态足迹， 如果我们只购买该买的东西 不买不该买的东西， 我们可以一夜之间改变世界。,[]
谢谢,[]
谢谢各位！非常荣幸能够站在这里 与大家分享我19岁的最后一天,[]
今天我想跟大家谈谈未来 但是首先我要用一点时间讲讲我过去的经历,[]
这个故事要从我出生之前讲起,[]
我的外祖母曾经在开往死亡集中营奥斯维辛的一辆火车上,"[('奥斯维辛', 'ns', 9, 10)]"
火车顺着轨道开呀开，开到一个轨道分叉处,[]
然后不知怎么地——没人知道倒底怎么回事——总之 火车开上了错误的轨道，开到了一处劳动集中营，而不是奥斯维辛,"[('奥斯维辛', 'ns', 31, 32)]"
我的外祖母就这样幸免于难，然后嫁给了我的外祖父,[]
他们住在匈牙利时，生下了我母亲,"[('匈牙利', 'ns', 3, 4)]"
我母亲两岁的时候 匈牙利革命爆发，于是外祖父母决定离开匈牙利,"[('匈牙利', 'ns', 6, 7), ('匈牙利', 'ns', 15, 16)]"
他们上了一条船，又一次的阴差阳错 这条船可能开往加拿大或者是澳大利亚,"[('加拿大', 'ns', 17, 18), ('澳大利亚', 'ns', 19, 20)]"
"他们上船的时候并不知道会到哪里, 最后船把他们送去了加拿大","[('加拿大', 'ns', 17, 18)]"
嗯，长话短说，他们到了加拿大,"[('加拿大', 'ns', 7, 8)]"
我的外祖母是一名化学家，她在多伦多的班廷研究所工作 44岁时死于胃癌，所以我并没有机会亲眼见到她 但是我继承了她的名字——伊娃·韦尔泰什 我想我也继承了她对科学的热情,"[('多伦多', 'ns', 10, 11), ('班廷研究所', 'nt', 12, 14), ('伊娃·韦尔泰什', 'nr', 37, 38)]"
"事实上, 我找到热情的地方离这儿并不远, 那年我九岁",[]
我们全家一起自驾游到美国大峡谷,"[('美国大峡谷', 'ns', 6, 8)]"
"在那之前我一直都不喜欢阅读 爸爸曾让我试着读一下哈迪男孩，我自己也试着读过南希·朱尔 我全都试过了, 但我就是不喜欢读书","[('哈迪', 'nr', 17, 18), ('南希·朱尔', 'nr', 27, 28)]"
在大峡谷时我母亲买了一本书给我 叫做”高危地带“，讲的是埃博拉病毒的爆发,[]
我被其中的某些部分吸引住了,[]
"书的封面是一张表面崎岖不平的病毒的图片 我突然有了阅读它的欲望，我拿起了这本书 接下来的旅途中, 从大峡谷边缘 到大瑟尔，再到我们今天所在的蒙特雷 我一直在读这本书，从那时起 我就知道我要把医学作为我一生的追求","[('大峡谷', 'ns', 33, 34), ('蒙特雷', 'ns', 45, 46)]"
我想要像书中的探险家一样 深入非洲的丛林 走进实验室，试着搞清楚 这种致命的病毒到底是什么，从那开始，我读遍了所有我可以找到的医学书籍 并且深深沉迷于此,"[('非洲', 'ns', 10, 11)]"
在医学的世界里，我是个被动的学习者,[]
"一直到了高中，我才想到 ”我已经是高中生了,或许从现在开始 我可以动手做点儿什么了”",[]
那时我14岁，我给当地大学的教授发了很多封邮件 看看有没有可能在他们的实验室里工作，几乎没有人给我答复,[]
但是，他们也没有理由理会一个14岁的小丫头片子，对吧？,[]
"然后我找到雅各布斯教授, 跟他谈了谈 他同意我进实验室","[('雅各布斯', 'nr', 3, 4)]"
那时，我对神经科学很有兴趣 希望能研究一项有关神经病学的课题 尤其是研究重金属对发育中的神经系统的影响,[]
我花了一年的时间去研究 最后得到了大家都能想到的结果 如果给果蝇的食物中加入重金属——将会导致很严重的神经系统损伤,[]
"脊髓会折断, 神经元也会随意交叉",[]
从那时起我就把重点转移到了该如何预防损伤上面,[]
这件事激发了我对阿尔茨海默氏症的兴趣。我开始阅读相关的资料 并使自己的熟悉相关的研究 在同一时间，当我在...... 有一天，我在医学图书馆读到一篇文章 是关于嘌呤衍生物的,[]
他们似乎有促进细胞生长的功能,[]
在对这整个领域几乎一无所知的情况下，我试想 “哦，阿尔茨海默症中会有细胞死亡 这导致了记忆减退，现在有这种化合物—— 嘌呤衍生物——可以促进细胞的生长。“,[]
所以我想，“如果它能促进细胞生长， 它也可以抑制细胞死亡。“,[]
那一年我都在研究这种可能性 研究进行的很顺利 我发现了一种叫做胍的嘌呤衍生物 可以抑制约60%的细胞生长,[]
我向国际科学博览会提交了这项成果， 这是我一生中最难忘的经历之一,[]
我被授予“世界最佳医学”荣誉 这使我进入了，或者至少迈出了我在医学研究领域的第一步,[]
从那时起，既然我进入了这个精彩纷呈的世界 我想探索一切。我希望能马上了解一切，但也知道很难做到这一点,[]
一个偶然的机会我了解到癌症干细胞的存在,[]
这也是我今天真正想和大家讨论的主题——癌症,[]
"起初，我听到癌症干细胞这个名词 我真的不知道“癌症”和“干细胞”这两者是如何结合起来的。我听说的干细胞， 是未来的灵丹妙药—— 假以时日, 或许可以治愈许多疾病",[]
但是，我也听说癌症是这个时代最可怕的疾病 所以好的和坏的究竟是怎么结合到一起的？,[]
去年夏天，我到斯坦福大学做了一些有关癌症干细胞的研究,"[('斯坦福大学', 'nt', 5, 7)]"
这段时间，我读了很多有关癌症的文献 试图让自己熟悉这一新的医学领域。,[]
"我了解到, 肿瘤确实是从干细胞开始的",[]
这使我着迷。我读的文献越多，对癌症的的了解就越多 几乎不再惧怕癌症了,[]
研究表明，癌症是由损伤直接导致的,[]
如果你吸烟，损害了你的肺部组织，就会引起肺癌。,[]
如果你喝酒，损害了你的肝脏，就会引起肝癌。,[]
"有趣的是, 很多文献中都有相似的研究结果 如果你骨折，就会引起骨瘤。",[]
起因是干细胞的特性——这些 惊人细胞的确有分化的能力 在任何类型的组织中。,[]
因此，如果身体感应到有受损器官 它就按下了癌症的启动按钮，把它当成一种修复反应,[]
"身体说肺组织受到了损害 需要修复,癌症便由此而生 试图修复的过程中, 这些细胞会过度增生 这些细胞有成为肺组织的潜力",[]
"不过, 好像身体引发了这个巧妙的反应程序 却不能完全控制它",[]
它不能精确调整这个已经开始的过程,[]
因此，这真的，真的使我着迷。,[]
我真的认为，我们不能用非黑即白的眼光 来看待癌症——更不用说是其他疾病了,[]
如果我们用化疗和放疗去治愈癌症 我们在用毒素或辐射轰击身体或癌细胞，试图杀死它。,[]
这可能会让我们回到起点。,[]
我们是在消除癌细胞，但同时身体也会试图修复这些 一再被揭开的损伤,[]
我们是不是应该思考如何控制癌细胞，而不是消除它们？,[]
如果我们可以想办法使这些细胞分化 成为骨组织，肺组织，肝组织， 不管哪个部位的癌细胞 那将会是一个修复损伤的过程。我们会得到比以前治疗更好的结果。,[]
因此，这确实改变了我对癌症的看法。,[]
当我在阅读癌症的相关文献时， 发现其中很多文献都把重点放在 乳腺癌的基因 和乳腺癌的成因与发展 在身体中追踪癌症，跟踪它，看看它会扩散到哪里。,[]
但让我吃惊的是，我从没听过心脏癌这种说法 或骨骼肌癌这种东西,[]
骨骼肌构成我们身体的50% 或超过50%。因此，起初我想， “嗯，也许有某种显而易见的解释 骨骼肌为什么不会发生癌症 - 至少我没听说过。“,[]
所以，我进一步调查它，我翻阅了所有能够找到的文献， 结果令我吃惊——因为它确实是非常罕见的。,[]
一些文献甚至说，骨骼肌肉组织 可以抵抗癌症，而且，不仅是癌症， 还有癌症向骨骼肌的转移。,[]
癌症的转移是指 部分癌细胞脱落，并随着血液流动 进入一个不同的器官。这就叫做转移。,[]
这是癌症最危险的一点。,[]
如果癌症是局部的，我们有可能将其移除， 或以某种方式控制它。这是可以做到的。,[]
但是，一旦它开始在整个身体种转移，结果将是致命的,[]
因此，癌症从不起源于骨骼肌， 而且似乎也不会转移到骨骼肌的现象 预示着骨骼肌具有某种特性 很多研究结果表明 “癌症转移到骨骼肌是非常罕见的。“,[]
但它们在这里止步了。没有人问为什么,[]
因此，我决定打破沙锅问到底。我做的第一件事是 发电子邮件给一些研究骨骼肌的教授 里面写道 “嘿，看来癌症确实不会转移到骨骼肌,[]
这是为什么呢？“，我得到的答复大部分都是这样的 肌肉是终末分化组织。,[]
这意味着你有肌肉细胞，但他们不会分裂， 所以对癌症来说，它并不是一个好的攻击对象,[]
但话又说回来 癌症没有转移到骨骼肌这一点使得这个解释变得不是那么可信,[]
再者，神经组织——脑 ——也会得癌症， 而脑细胞也是终末分化组织。,[]
因此，我决定问为什么。这里还有一些我的假设 今年5月，我将在迈阿密的西尔维斯特癌症研究所开始这项研究。,"[('迈阿密', 'ns', 19, 20), ('西尔维斯特癌症研究所', 'nt', 21, 24)]"
而且我想我会继续调查，直到我得到答案。,[]
但我知道，在科学研究中，一旦你得到了答案， 随之而来的是更多需要解答的问题。,[]
"所以你可能猜到, 我很可能一生都会投身于科学研究中",[]
我的假设是 当谈到骨骼肌你首先想到的是， 有很多的血管通向骨骼肌。,[]
我思考的第一件事是， 血管像是肿瘤细胞的公路。,[]
肿瘤细胞能够通过血管四处游弋。,[]
想一想，一个组织里有越多的”公路“， 患癌症，或者癌症转移的的可能就越大。,[]
所以我首先想到的是，“骨骼肌里这么多的血管 不是正中癌症下怀么？“同时， 癌症肿瘤需要一个被称为血管生成的过程， 这是真的，肿瘤利用血管为自己服务 从中汲取营养，以便继续增长。,[]
如果没有血管生成过程，肿瘤会维持在很小的范围内，而不会形成威胁。,[]
因此，血管生成可以称得上是癌症的发病机制的核心进程。,[]
一篇文献引起了我的注意 我读这篇文献，试图弄清楚为什么癌症不会发生在骨骼肌 这篇文献说，解剖时 发现骨骼肌里有16%的微转移,[]
16%！这意味着骨骼肌肿瘤中有小范围的肿瘤 但只有0.16%的实际转移 这表明骨骼肌也许是能够控制血管生成过程， 从而能够控制肿瘤对血管的利用。,[]
我们这么频繁的使用骨骼肌。这是我们身体的一个部分 我们的心脏不停跳动。我们的肌肉一直处在活跃状态,[]
"难道肌肉隐隐约约的”感觉“到 它需要血液供应？它需要不停地收缩 因此，它几乎是自私的, 攫取血管为自己所用",[]
因此，当肿瘤进入骨骼肌肉组织的时候 它不能获得血液供应，也就不能生长,[]
这也许表明，如果在骨骼肌中 有抗血管生成因子——或者更进一步 存在控制血管生成的因子，可以调控血管生长的位置 这可能会成为另一种治疗癌症的方法,[]
另一件很有趣的事情是， 肿瘤在全身的移动 是一个非常复杂的系统，包含所谓的”趋化因子网络“。,[]
趋化因子的本质是化学引诱物 它们是癌症的红绿灯信号。,[]
因此，肿瘤表达为趋化因子受体 另一器官——一个离肿瘤一定距离的器官—— 将有相应的趋化因子 肿瘤会看到这些趋化因子，并朝向它转移,[]
有没有可能骨骼肌不表达这种类型的分子？,[]
"还有一件事情很有趣, 有几个报告都提到，当骨骼肌损伤和 肿瘤向骨骼肌的转移密切相关",[]
此外，当骨骼肌受伤时 会导致趋化因子——这些信号说： “癌症，你可以来找我，”肿瘤的绿灯通行信号 这会导致这些趋化因子的高效表达,[]
因此，这里有太多的相互作用,[]
我的意思是，有如此多的可能性 可以解释为什么肿瘤不出现在骨骼肌中,[]
"通过调查,攻击癌细胞 还有搜索不会发生癌症的部位都预示一定有什么 一定存在某种特性 - 使这种组织可以抗肿瘤",[]
那么我们能否利用 - 我们能否把这种特性 用这种化合物，这种受体 这种控制抗肿瘤特性的因子，来治疗癌症？,[]
现在，有一件事与骨骼肌的抗癌性有点关系 这是对由身体的修复反应引起的癌症而言 它就是骨骼肌中叫做MyoD的因子,[]
MyoD所做的就是，导致细胞分化成肌细胞 因此，这种物质，MyoD， 已在很多不同的细胞类型上做过测试，结果表明 它可以将多种类型的细胞转化为骨骼肌细胞。,[]
因此，有可能肿瘤细胞已经进入骨骼肌肉组织， 但一旦与骨骼肌内的组织接触， MyoD的作用于这些肿瘤细胞，使它们 成为骨骼肌细胞？,[]
肿瘤细胞可能被伪装成骨骼肌细胞， 这就是为什么它在骨骼肌中如此罕见。,[]
这种肿瘤是无害的，它只是修复了肌肉的损伤。,[]
肌肉不断地被使用 - 不断地受到损坏,[]
如果我们每次肌肉撕裂 或者每次以错误的方式拉伸肌肉 癌症就会产生——我的意思是，几乎每个人都会有癌症,[]
我讨厌这么说。但是，肌肉细胞似乎 可能是因为其使用方式 比其他身体组织能更快地适应损伤并对其作出反应 精确调节这一修复反应以完成整个过程 达到身体本来的修复目的。我真的相信，人体是非常聪明的 我们不能逆着身体的意愿行事,[]
这与细菌进入人体的情况不同， 细菌是外来的异物 - 我们希望将它赶出去,[]
但是，当人体启动了一个反应 并演变成一种疾病 消除它似乎不是正确的解决方案。因此，尽管牵强附会 但今后，癌症有可能成为一种治疗方法。,[]
如果某些疾病中，组织正在恶化 比如阿尔茨海默氏症中大脑细胞的死亡 而我们需要新的具有功能的脑细胞 我们可不可以利用癌症呢？ 把肿瘤放进大脑，并使其分化为脑细胞？,"[('阿尔茨海默', 'nr', 9, 10)]"
这是一个非常牵强的想法，但我真的相信这是可能的,[]
这些细胞是如此多才多艺，这些癌细胞是如此多才多艺 - 我们只需要以正确的方式去使用它们,[]
"再次声明，有些观点是有点牵强附会，但 如果存在一个可以表达这些奇思异想的地方, 那么它就在这里, TED 非常感谢",[]
弗兰克·盖瑞：今天早上我听到一位科学家在和,"[('弗兰克·盖瑞', 'nr', 0, 1)]"
穆里斯博士说他的实验， 突然想到自己当年差点儿就成了科学家。,"[('穆里斯', 'nr', 0, 1)]"
我十四岁的时候我父母给我买了一套化学仪器。 然后，我决定要合成水。,[]
于是我做了一套氢气生成器，一套氧气生成器。 我弄了两根管子，通进一只量杯， 然后，我扔了根火柴进去。,[]
然后玻璃——幸好我转过了身， 全都扎在了我背上。 大概十五尺左右的地方，,[]
墙上那是一个——,[]
我制造了一场爆炸。,[]
理查德·所罗·乌尔曼：啊？真的？,"[('理查德·所罗·乌尔曼', 'nr', 0, 1)]"
盖瑞：街上的人都聚过来敲门， 看看我有没有事儿。,"[('盖瑞', 'nr', 0, 1)]"
乌尔曼：恩，我要重新开个头—— 重新开始这个对话。,"[('乌尔曼', 'nr', 0, 1)]"
我左边的这位先生就是非常著名的，可能有点儿名不副实的 弗兰克·盖瑞。,"[('弗兰克·盖瑞', 'nr', 15, 16)]"
（鼓掌♫） 那么弗兰克，你已经攀登到了人生中不可思议的高度。,[]
我是说，对于一位艺术家——一位建筑师而言—— 成为你所属的这一个时代的风向标，甚至传说。,[]
我是说你成功了，就算你对这个事实窃笑， 因为确实很好笑——你知道，这是很奇怪的想法。 但是你的建筑是标志性的。 你给那幢建筑画张小图，它就可以被用在广告里。 而且你拥有——非摇滚明星的地位，而是名人的地位， 可以在一生的大部分时间中自己想做的事情。,[]
我知道，这一路走来异常艰难。,[]
而且你做出的种种牺牲， 无论何种牺牲，都是巨大的。,[]
致力于为他人服务的一生中， 你不断前进，,[]
但对于一个富有创造力的人来说，这很有趣，,[]
许多这样的人都服务于他人， 我们的生活在他人的股掌之中。,[]
这是众多两难境地之一——我们身处一个创造的时代—— 这是创造力面对的最大的困境之一。 如何做到最大限度而又始终坚持自我，,[]
而你做到了。 这给你带来了双赢——甚至多赢。,[]
这不是一个问题，但你可以谈谈你的看法。,[]
这很重要。,[]
盖瑞：嗯，一直以来我只是——,"[('盖瑞', 'nr', 0, 1)]"
我从来没有自己去找过工作，,[]
我是守株待兔类型的,[]
刚开始的时候， 我认为建筑业是门服务性生意， 你必须取悦雇主和你的团队。,[]
我还意识到，我一走进会议室， 夹着那些打了褶的金属和链条什么的， 人们只会看着我， 好像我刚从火星回来似的。,[]
但其他的我什么都做不了。,[]
那就是我对人们以及那个时代的回应。,[]
事实上，那是我对我的雇主的回应。 他们并不太富有，所以也负担不起太好的材料。,[]
我觉得那也是那个时候不得已而为之的。,[]
知道我得弄自己的房子，而我老婆成了雇主。,[]
我们在圣塔莫尼卡买了间小平房， 用大概5万美元在那儿造了间房子。,"[('圣塔莫尼卡', 'ns', 2, 3)]"
一些人对那间房子很激动。,[]
我和一位艺术家，迈克尔·黑泽尔一起外出， 在靠近拉斯维加斯的某个沙漠里。,"[('迈克尔·黑泽尔', 'nr', 6, 7), ('拉斯维加斯', 'ns', 12, 13)]"
他当是正在那儿建一座巨大的混凝土建筑。,[]
那天晚上有点晚了，我们还喝了不少酒。,[]
就我俩，站在巨大的沙漠中间，他说—— 想到我的房子——他说： “你有没有想过建些更加永恒的东西， 在未来2000年里会有人欣赏它的。”,[]
所以我想——是啊，说不定是个好主意。,[]
我很幸运，后来又了找到一些稍有余钱的雇主， 所以我的作品能变得稍微“永恒”些了。,[]
之后我又发现世界永远不会只为你持续那么会儿。 于是又是这家伙，一天告诉我们，,[]
现在我们该去哪儿呢？,[]
回到——一切都那么暂时，转眼即逝。,[]
我并不那么看这个世界。,[]
对我来说，每一天都是全新的，,[]
我都带着不安开始每一个新项目， 对待每个项目都像对待我的第一个项目一样。 我付出汗水， 埋头工作，不知道结果会是怎样。 如果我对前方一切了然于心，那我就会停下。,[]
如果我能预测或者计划一切，我就不会继续下去。,[]
我会把预测或者计划丢到一边去。,[]
所以我才能带着同样的不稳定感对待每一个项目。,[]
不过，当然，我的信心随着时间累计着， 所以一切都会变好。,[]
我确实是在经营一本生意， 我有120人的团队， 要付给每个人薪水， 这其中包含了很大责任。 在做项目的过程中的现实的工作 我认为是安全问题。,[]
正如那位剧作家说的——我可以引用他的话—— 你总是不能确定。,[]
当毕尔巴鄂的工程结束的时候，我看着它， 我看着所有的错误，,"[('毕尔巴鄂', 'ns', 1, 2)]"
它们不能算是错误。 我看着我曾经可以改变的一切， 自己觉得有点囧。,[]
我觉得局促不安——怎么弄成那样了？,[]
我怎么把这里整成那样的形状或者是怎么把那些地方弄成那个死样子？,[]
要过好多年我才能看着它，不在纠结，然后 当你走过建筑的拐角，发现有一块地方与街道很契合， 而那条街，似乎和建筑物产生了感情， 就在那一刻，我猜喜欢上了它。,[]
乌尔曼：那么纽约的项目怎么样了？,"[('乌尔曼', 'nr', 0, 1), ('纽约', 'ns', 3, 4)]"
盖瑞：我也不太晓得。,"[('盖瑞', 'nr', 0, 1)]"
汤姆·科伦斯拿着毕尔巴鄂来找我，并详述了一番， 当是我就觉得他是个疯子，,"[('汤姆·科伦斯', 'nr', 0, 1), ('毕尔巴鄂', 'nr', 3, 4)]"
而且我认为他根本不知道自己在干什么。 但是，他把这事儿弄成了。,[]
所以我觉得他是伊卡洛斯和菲尼克斯的合体。,"[('伊卡洛斯', 'nr', 5, 6), ('菲尼克斯', 'nr', 7, 8)]"
他已经取得了很高成就——然后下去，又上来。,[]
人们直到现在都还对此议论纷纷。,[]
九一一事件引起了一些人把它移到 零号地块的想法。 而我是双手双脚反对的。,[]
讨论零号地块让我觉得很不舒服，更别说在上面建东西了。 这件事我想了很久。,[]
乌尔曼：屏幕上的这幅图， 这是迪士尼吗？,"[('乌尔曼', 'nr', 0, 1), ('迪士尼', 'nr', 11, 12)]"
盖瑞：是的。,"[('盖瑞', 'nr', 0, 1)]"
乌尔曼：还有多久， 什么时候才能完工？,"[('乌尔曼', 'nr', 0, 1)]"
"盖瑞：要到2003年的九月或者十月。 我希望Kyu, Herbie, 还有马友友以及所有那些音乐家 能和我们一起在那儿演出。","[('盖瑞', 'nr', 0, 1), ('马友友', 'nr', 17, 18)]"
很幸运，今天和我在一起工作的人，大都是我很喜欢的，,[]
理查德·可杀莱克可能是众多因素中 迪士尼剧场找到我的原因。,"[('理查德·可杀莱克', 'nr', 0, 1), ('迪士尼剧场', 'ns', 6, 8)]"
他一直都像个拉拉队队长似的。,[]
那个项目并没有太多人涉及到建筑外观设计， 因为雇主们...,[]
你知道的，想想看这个世界 就算是我们面前的这些观众， 我们之中大多数人是与大楼，房子相联系，,[]
你根本不会想到将他们成为建筑，对吧？,[]
所以找到一个那样的人， 你可以信赖，依靠，明白？,[]
他成为了艺术中心的领导， 那儿已经有一座克雷格·埃尔伍德的作品。,"[('克雷格·埃尔伍德', 'nr', 13, 14)]"
我认识克雷格而且很尊敬他。,"[('克雷格', 'nr', 2, 3)]"
他们想要再加点什么。 很难在那样的一座建筑上再加建东西。 那是一座漂亮、极简的黑色钢制建筑， 而理查德想要再添一个图书馆和一些为学生服务的设施。 那得占很大的地方。,"[('理查德', 'nr', 35, 36)]"
我说服他让我带上另一位建筑师， 葡萄牙人，阿尔瓦罗·西扎。,"[('葡萄牙', 'ns', 11, 12), ('阿尔瓦罗·西扎', 'nr', 14, 15)]"
乌尔曼：为什么想让他加入？,"[('乌尔曼', 'nr', 0, 1)]"
盖瑞：我就知道你会问这个问题。,"[('盖瑞', 'nr', 0, 1)]"
只能说是直觉。,[]
盖瑞：阿尔瓦罗·西扎在葡萄牙出生，并在那儿长大， 大概还被公认为葡萄牙本土的建筑业主心骨。,"[('盖瑞', 'nr', 0, 1), ('阿尔瓦罗·西扎', 'nr', 2, 3), ('葡萄牙', 'ns', 4, 5), ('葡萄牙', 'ns', 17, 18)]"
几年前我去拜访他， 他给我看了他的早期作品。 他的早期作品和我的早期作品有几分相似。,[]
当我刚从学校毕业， 我开始尝试在南加州做一些地域性的东西 你可以想到西班牙知名时期的砖瓦屋顶 以及那之类的东西。,"[('加州', 'ns', 12, 13), ('西班牙', 'ns', 21, 22)]"
我以理解那种语言为开端， 把它当做一块跳板。 那儿已经有太多的模式化建造者， 建筑元素被过于淡化以至于不能——,[]
总之我停了下来。,[]
我的意思是，查理·摩尔做了很多类似的东西， 但我无法被它们吸引。,"[('查理·摩尔', 'nr', 5, 6)]"
而西扎，在葡萄牙 进行着实实在在的实践， 并形成了一套与历史语言相联系的现代语言。,"[('西扎', 'ns', 1, 2), ('葡萄牙', 'ns', 4, 5)]"
我一直觉得他可以到南加州来 进行他的实践。,"[('加州', 'ns', 7, 8)]"
我试图给他争取一些项目，但是没有成功。,[]
而且我喜欢与这样的人合作，这是不错的主意 因为这种合作推我前进。,[]
我曾经与克拉斯·欧登伯格和里查德·塞拉合作过， 他们并不将建筑视为艺术。,"[('克拉斯·欧登伯格', 'nr', 3, 4), ('里查德·塞拉', 'nr', 5, 6)]"
你注意到了吗？,[]
乌尔曼：他怎么说的？,"[('乌尔曼', 'nr', 0, 1)]"
盖瑞：他把建筑叫做“铅工业。”,"[('盖瑞', 'nr', 0, 1)]"
盖瑞：不论如何，与西扎的合作，,"[('盖瑞', 'nr', 0, 1), ('西扎', 'nr', 6, 7)]"
是更加丰富更有意义的经历。,[]
正像Kyu与其他音乐家合作 我觉得与西扎合作就是那么个感觉。 你会——呃？,"[('西扎', 'nr', 10, 11)]"
观众：液态建筑。,[]
盖瑞：液态建筑。,"[('盖瑞', 'nr', 0, 1)]"
就像爵士乐——你可以即兴发挥，大家一起演奏。 你们互相挑战，你弄点儿什么， 他们再弄点儿什么。,[]
我认为这是一种—— 对我来说，这是一种理解一个城市的方法， 以及这个城市将会发生什么。,[]
乌尔曼：它会建在现有的场地附近吗？,"[('乌尔曼', 'nr', 0, 1)]"
还是会在——,[]
改服i：不，它就在现有场地附近。,[]
不论如何，他就是那种顾客。,[]
当然，那不是他的钱就是了。,[]
乌尔曼：他的计划是什么？,"[('乌尔曼', 'nr', 0, 1)]"
盖瑞：我不知道。,"[('盖瑞', 'nr', 0, 1)]"
什么计划，理查德？,"[('理查德', 'nr', 3, 4)]"
理查德：2004年开工。,"[('理查德', 'nr', 0, 1)]"
盖瑞：2004。,"[('盖瑞', 'nr', 0, 1)]"
你可以来参加开工典礼，我会邀请你的,[]
不，但民主的城市建设这件事儿很有趣， 因为它会造成混乱，是吗？,[]
每个人各干各的会造成一种非常混乱的局面， 如果你能相出胜过对方的方法—— 我是说，不是那—个意思——如果你能找到一群人， 能在互相尊重的前提下良性竞争， 可能就能实现建设城市的各个分区 且不仅仅依赖于一个建筑师的建设模型。,[]
就像是洛克菲勒中心模型， 就像是另一个时代的作品。,"[('洛克菲勒', 'nr', 2, 3)]"
乌尔曼：我找到了最值得称道的东西了。,"[('乌尔曼', 'nr', 0, 1)]"
我对毕尔巴鄂的预想是一座精彩的建筑， 进去之后有非凡的空间。,"[('毕尔巴鄂', 'ns', 2, 3)]"
我看过你以前在TED展示的草图。,[]
毕尔巴鄂带来的惊喜是它与城市地域的互相适应。,"[('毕尔巴鄂', 'ns', 0, 1)]"
那是跨河，连接周围的高速公路， 以及沿街行走突然邂逅它 给我们带来的惊喜。,[]
那我毕尔巴鄂的真正惊喜所在。,"[('毕尔巴鄂', 'ns', 2, 3)]"
盖瑞：但是你知道，理查德， 当大多建筑师展示他们的作品时—— 我们知道的多数人， 会站起来，谈论自己的作品， 就像告诉所有人你是个好人， 仅凭一句：“看，我考虑到了地域问题， 我为那座城市着想， 我为我的雇主着想， 我还考虑到了预算，甚至我如期完工。”,"[('盖瑞', 'nr', 0, 1), ('理查德', 'nr', 6, 7)]"
这个，那个，全是这类话。,[]
就像是拼命洗清自己——,[]
好像说那那些就可以似的，这些可以一定程度上说明你的工作完成得不错,[]
而且我认为每个人—— 我是指应该像对待事实，像对待重力,[]
你不可能否认重力的存在，或者反抗它,[]
你必须和工程部门合作,[]
如果工程超支，你就很难拿到很多项目。,[]
如果建筑发生渗水—— 毕尔巴鄂没有渗水,"[('毕尔巴鄂', 'ns', 5, 6)]"
让我非常骄傲,[]
麻省理工的项目——他们就那个项目对我进行面试， 还将工作人员派去毕尔巴鄂,"[('麻省', 'ns', 0, 1), ('毕尔巴鄂', 'ns', 19, 20)]"
我在毕尔巴鄂和他们见面,"[('毕尔巴鄂', 'ns', 2, 3)]"
他们待了三天。,[]
乌尔曼：这就是计算机楼？,"[('乌尔曼', 'nr', 0, 1)]"
盖瑞：是的，计算机楼。,"[('盖瑞', 'nr', 0, 1)]"
他们待了三天，天天下雨 他们到处转 我注意到他们总在往底下看， 总在找什么东西 他们实际上是在找水桶都藏在哪儿了，明白？,[]
人们得把桶搁外边儿。,[]
我可一身清白！那地方天衣无缝，滴水不漏。 实在太棒了！,[]
但是你得—— 是的，过不了太久什么房子都会有渗水的毛病，所以说——,[]
乌尔曼：弗兰克有种——,"[('乌尔曼', 'nr', 0, 1)]"
盖瑞：去问米里亚姆！,"[('盖瑞', 'nr', 0, 1), ('米里亚姆', 'nr', 4, 5)]"
乌尔曼：——一种名声——一阵子他在洛杉矶的名望就是靠“不漏水”得来的。,"[('乌尔曼', 'nr', 0, 1), ('洛杉矶', 'ns', 12, 13)]"
盖瑞：你们肯定都听说过弗兰克·劳埃德·赖特的故事 当一个女人叫他并说： “赖特先生，我当时躺在躺椅上， 水就直接浇在我头上。”,"[('盖瑞', 'nr', 0, 1), ('弗兰克·劳埃德·赖特', 'nr', 7, 8), ('赖特', 'nr', 19, 20)]"
他回答：“太太，您应该把椅子移开些。“,[]
过了些年我在做另一个项目 为诺顿·西蒙在海滩上建一栋小房子。 他的秘书，一位严肃苛刻的小姐 打电话给我说： “西蒙先生正坐在他的书桌前， 水正落在他的头顶。”,"[('诺顿·西蒙', 'nr', 11, 12), ('西蒙', 'nr', 37, 38)]"
我就把弗兰克·劳埃德·赖特的故事讲给她听。,"[('弗兰克·劳埃德·赖特', 'nr', 3, 4)]"
乌尔曼：她肯定没笑。,"[('乌尔曼', 'nr', 0, 1)]"
盖瑞：是的，就是现在也不会。,"[('盖瑞', 'nr', 0, 1)]"
我的意思是——我能不能这么说“那又怎么样？”,[]
不错，你解决了所有问题 能做的都做了，你干得不错。 你喜欢你的客户， 你喜爱那个城市， 你是个好人——你是个不错的家伙,[]
那又怎么样？,[]
你到底带来了什么呢？,[]
这才是一直以来我的兴趣所在 就是——一种个人的表达,[]
毕尔巴鄂，我认为，就展现出你可以有 自己的特质表达 而且符合所有基本的条件 并融入了那个城市,"[('毕尔巴鄂', 'nr', 0, 1)]"
这提醒我想到了“特质表达”,[]
我认为那才是重点，你知道。 就是“那又怎样”让大多雇佣了建筑师的客户—— 大多客户并不是为了那个雇佣建筑师,[]
建筑师至是被雇来完成项目，把握好预算 讲好听点，就是这样。 他们不理解一位建筑师的价值所在。,[]
乌尔曼：在一个时期，一些年前，人们—— 在迈克尔·格雷夫斯很受欢迎的时候，在茶壶以前——,"[('乌尔曼', 'nr', 0, 1), ('迈克尔·格雷夫斯', 'nr', 14, 15)]"
盖瑞：我也做了个茶壶，但没人买我的账。,"[('盖瑞', 'nr', 0, 1)]"
乌尔曼：它漏不？,"[('乌尔曼', 'nr', 0, 1)]"
盖瑞：一点儿不。,"[('盖瑞', 'nr', 0, 1)]"
乌尔曼：人们都想要迈克尔·格雷夫斯那样的设计。,"[('乌尔曼', 'nr', 0, 1), ('迈克尔·格雷夫斯', 'nr', 5, 6)]"
人们都想要毕尔巴鄂那样的设计是不是留下个祸根？,"[('毕尔巴鄂', 'ns', 3, 4)]"
盖瑞：是的，我总接到那样的电话。,"[('盖瑞', 'nr', 0, 1)]"
当毕尔巴鄂开放的时候——大概距现在有四五年了吧，我也记不清了—— 科伦斯和我都接到很多这样的电话， 我也不清楚了，大概至少有100个吧 中国的，巴西的，还有西班牙其他地方的 都想要做毕尔巴鄂那样的效果,"[('毕尔巴鄂', 'ns', 1, 2), ('科伦斯', 'nr', 24, 25), ('中国', 'ns', 46, 47), ('巴西', 'ns', 49, 50), ('西班牙', 'ns', 53, 54), ('毕尔巴鄂', 'ns', 60, 61)]"
这些人我也见了一些,[]
通常，我都直接拒绝 但是有些人把家谱都拿来了， 他们听上去有很好的用意 他们找到你，至少还要开一两次会,[]
有一次我甚至和整个团队飞到马拉加去 因为邀请函上有各种盖章和签名—— 你知道的——非常官方的城市签章 他们想让我过去在港口建一座建筑,"[('马拉加', 'ns', 9, 10)]"
我问他们想要什么样的,[]
“你来了我们就会告诉你的——”诸如此类的搪塞话,[]
我们四个人一起去了,[]
他们接待了我们，安排了非常好的酒店 然后带我们去看那个海湾 他们带我们乘船出海 指给我们看海港的景观,[]
每一处都不相上下，非常美丽,[]
然后的安排是去和市长一起吃了午餐 再和马拉加市的重量级人士 一起吃晚餐 就在去和市长午餐之前 我们去见了港口的行政长官,"[('马拉加市', 'ns', 13, 14)]"
那张桌子能有这块地毯长 行政官就坐那儿 我在这儿，和我的人一起,[]
我们坐下，喝了点水 每个人都很安静,[]
那个人看着我，说： “我能为你做些什么，盖瑞先生？”,"[('盖瑞', 'nr', 17, 18)]"
乌尔曼：哦，老天,"[('乌尔曼', 'nr', 0, 1)]"
盖瑞：所以我就站了起来,"[('盖瑞', 'nr', 0, 1)]"
告诉我的人， “咱们撤吧。“,[]
我们站起来，走了出去。,[]
他们跟着——那个人一路跟着我们，然后说： “您难道不去和市长吃午餐了吗？”,[]
我回答：“八去。”,[]
“你们难道也不去晚餐了吗？”,[]
他们就是带我们去那儿把这伙人凑到一块儿 你知道的，去创造一个项目,[]
这样的我们见得多了,[]
还好我已经够老的了 我可以把不能进行长途旅行当借口,[]
我还没有私人飞机呐,[]
乌尔曼：我要收收尾了，差不多结束这次谈话 因为它已经够长的了,"[('乌尔曼', 'nr', 0, 1)]"
我就说两句,[]
盖瑞：我能说两句吗？,"[('盖瑞', 'nr', 0, 1)]"
你是想说我还是你自己啊？,[]
（鼓掌♫） 乌尔曼：狗改不了吃屎！,"[('乌尔曼', 'nr', 4, 5)]"
盖瑞：我也是常人嘛，想体验一下站起来接受掌声的感觉，所以——,"[('盖瑞', 'nr', 0, 1)]"
乌尔曼：肯定有机会的嘛！不会忘了给你鼓掌的！,"[('乌尔曼', 'nr', 0, 1)]"
乌尔曼：我要给你鼓个掌先！,"[('乌尔曼', 'nr', 0, 1)]"
盖瑞：不，不，等等！,"[('盖瑞', 'nr', 0, 1)]"
想象一下七年呆在麻省理工和研究实验室， 仅仅发现你是一个表演艺术家。,"[('麻省', 'nt', 6, 7)]"
我也是一个软件工程师， 我也用电脑表现了很多不同形式的艺术。,[]
我认为我最感兴趣的事 是尝试找到一种途径 让计算机变成个人的表达模式。,[]
台下许多人是宏媒体和微软的领头人， 他们在某种程度上局限着我： 我认为这里有种强大的均质力量，它使 软件强制于人们并且局限人们 关于计算机可能性的思维。,"[('微软', 'nt', 6, 7)]"
当然，它也是一种强大的释放力量，这能实现可能性， 就象，发表论文，接着，制定标准，等等。,[]
但是，在某种程度上，计算机的功能超出 大多数人的想象，这就是我的艺术作品 尝试找到一个使用计算机的个人方法， 而最终我用软件程序完成了。,[]
Chris 叫我做一个短的演示， 所以我将要用 -- 大概10分钟 -- 展示，希望在最后有时间 介绍一些我其它的视频项目。,[]
谢谢,[]
（鼓掌） 我们还有一分钟。,[]
我就展示一段我最新项目的视频。,[]
我做了一个关于两个歌手的表演 他们擅长用嘴发出奇怪的噪音。,[]
这是来自于最近9月份的ARS 电子； 我们在英格兰也展示了一遍。,"[('英格兰', 'ns', 13, 14)]"
这个想法是使他们的演讲和背景音乐形象化 用一个大规模的屏幕。,[]
我们用了一个计算机视觉跟踪系统 去追踪他们的位置。,[]
自从我们知道他们的头在哪以后， 我们在他们身上安装了无线麦克风 这样我们可以处理声音的来源。 我们能够创造形象化（的表演模式） 这把他们如何处理他们的演讲连接的非常紧密。,[]
这个将要用大概30秒钟。,[]
他正在发出，一种，拍面颊的声音。,[]
好吧，足以说明不是全是这样，但是这是其中的一部分。,[]
非常感谢。总是有很多。,[]
我超时了，所以我想说的是你能，如果你在纽约， 下个星期，你能在Whitney Biennial 查看我的作品 同时在切儿西的Bitforms 画廊。,"[('纽约', 'ns', 16, 17), ('切儿西', 'ns', 33, 34)]"
在此，我想我应该下去了， 非常感谢大家（听我的演讲）。,[]
"我今天要讲俩个下世纪的大趋势 也很有可能是未来10,000年的趋势",[]
但是，我想首先从我对爱情的研究讲起 因为这是我最近的工作。,[]
我和我的同事对32个深陷爱情中的人 进行了功能性核磁共振大脑扫描,[]
这些人中的17个人获取了异性的芳心 其他的15个人则刚刚被甩,[]
所以我想先讲一下这个实验 然后是我对爱情的理解,[]
莎士比亚曾经问道：“爱情是什么？”,"[('莎士比亚', 'nr', 0, 1)]"
我想我们的祖先对这个问题的困惑 从一百万年前他们围坐在篝火边或者躺着看星星时就开始了,[]
为了找到浪漫爱情的内涵 我翻阅了45年来心理学方面的研究成果 发现当人们陷入爱情的时候会发生一些特殊的现象,[]
首先会发生的是 另一个人开始被赋予了“特殊意义”,[]
就像一个卡车司机曾经对我说 我的世界有了一个新的中心，那就是Mary Anne,[]
而萧伯纳用不同的方式表达了同样的意思,"[('萧伯纳', 'nr', 1, 2)]"
他说，爱情中的人会夸大一个女人和另外一个女人的差别,[]
而事实也确实是这样的。 然后你就会把全部的关注放在这个人身上,[]
虽然你也可以列出你不喜欢他/她的地方 但对缺点马上置之不理，然后全力去爱她/他,[]
就像乔叟说的那样，“爱情是盲目的”,"[('乔叟', 'nr', 2, 3)]"
为了理解浪漫爱情 我决定阅读来自世界各地的诗歌 现在我想给你们读一首写于八世纪中国的小诗 因为它几近完美的展现了一个男人是怎样全身心的关注一个女人,"[('中国', 'ns', 24, 25)]"
就像一个人疯狂的爱上一个人的时候， 这个人走进停车场。 他会觉得这个人的车与其他任何车都不一样,[]
这个人晚宴上的红酒杯也和其他任何的酒杯不一样,[]
在这个故事里，一个男人迷上了一张竹席,[]
这首诗是诗人元稹所写的：,"[('元稹', 'nr', 5, 6)]"
竹簟衬重茵，未忍都令卷。,[]
忆昨初来日，看君自施展,[]
他之所以迷上一个竹席， 可能跟你我一样， 因为头脑里的多巴胺增多而引起的反应 但不管怎么说，不仅这个人对你来说有特殊的含义 你会全身心的关注他或她。,[]
你会对他/她极度的吹捧。而且你的精力旺盛异常,[]
就像一个波利尼亚人说的那样：“我觉得仿佛飞到了空中”,"[('波利尼亚', 'ns', 3, 4)]"
你会整晚都睡不着。你会一直走黎明,[]
当事情进展顺利的时候，你会觉得兴高采烈 当事情不顺利的时候，你又会陷入极度的失望和恐慌。,[]
你完全依赖于这个人了,[]
就像一个纽约的商人对我说的， “她喜欢的任何东西我都喜欢”,"[('纽约', 'ns', 3, 4)]"
简单，爱情就是那么简单。,[]
你会对性有极强的占有欲。,[]
你知道，如果你只是随随便便和一个人上床， 你并不会在意他/她是否和其他人上床,[]
但当你陷入爱情的时候 你对性会有极强的占有欲,[]
我想这种现象是遵循尔达文进化论的，也促进了人类的进化,"[('尔达文', 'nr', 7, 8)]"
因为爱情让两个人紧紧绑在了一起， 这种关系牢固到足以让两个人在一起生儿育女,[]
但爱情最重要的特征是渴望 对某一个人，不仅是性上的，还包括感情上的渴望。,[]
当然能和他/她同床共枕是很好的， 但你更期待他/她会给你打电话，约你出去，等等 希望他告诉你他爱你,[]
爱情另外一个主要的特征是动机。,[]
你已经迫不及待的开始行动，你想得到这个人。,[]
爱情的最后一个也是同样重要的特征是痴迷,[]
当我让他们进入核磁共振机之前 我会问他们各种各样的问题,[]
但最重要的问题始终是一个,[]
“你一天之中有多少时间是在想念这个人的？”,[]
他们会说，“整天整夜。从来没停止过想念”,[]
然后，我会问他们最后一个问题， 我经常会想方设法引导他们去回答这个问题 因为我不是一个心理学家,[]
我没法治愈人们心灵的创伤,[]
这个最后的问题也始终是那一个：,[]
“你会为这个人去死吗？”,[]
这些人会说“会的！”,[]
就好像我请他们把盐递给我那样理所当然,[]
对这样的回答，我感到很震惊。 我让他们先看一幅爱人的照片， 然后再让他们看一幅不相关的照片，并监测了他们大脑的活动,[]
我们会发现同一个大脑在某一时刻达到最强烈的活动状态 又在什么时候处于休息的状态,[]
我们也发现相当多的大脑区域变得活跃,[]
而事实上我们最关注的一个大脑区域 是那个让你对可卡因感到渴求的大脑区域,[]
而这正是人们看到爱人照片时的反应,[]
我开始意识到浪漫爱情并不仅仅是一种情绪,[]
我曾经认为爱情就是一系列的情绪 从非常强烈到非常微弱的,[]
但事实上，爱情是一种驱动力 它来自于心灵深处的动力 来自于我们内心的欲望，一种强烈的愿望,[]
这种动力， 就像你想要得到那一块巧克力一样 就像你想要在工作中获得晋升一样,[]
它在驱动我们的大脑活动，它是我们的驱动力,[]
我认为这种动力比性的动力更为的强大,[]
当你问别人是否愿意和你上床，如果这个人说“不” 你肯定不会因为这个自杀或是患上忧郁症,[]
